Competition,Home Team,Away Team,Date,Venue,Home Score,Away Score
Allianz Football League Roinn 1,Galway,Armagh,25/01/2025,Pearse Stadium,1-12,0-9
Allianz Football League Roinn 1,Tyrone,Derry,25/01/2025,"O'Neills Healy Park, Omagh",2-13,1-9
Allianz Football League Roinn 1,Dublin,Mayo,25/01/2025,Páirc an Chrócaigh,1-17,1-15
Allianz Football League Roinn 2,Cork,Meath,25/01/2025,"SuperValu Páirc Uí Chaoimh, Cork",2-19,0-21
Allianz Football League Roinn 2,Cavan,Monaghan,25/01/2025,"Kingspan Breffni, Cavan",0-20,2-22
Allianz Football League Roinn 3,Kildare,Fermanagh,25/01/2025,Cedral St Conleth's Park,2-24,1-12
Allianz Football League Roinn 4,Carlow,Tipperary,25/01/2025,Netwatch Cullen Park,2-13,1-16
Allianz Football League Roinn 4,Wexford,London,25/01/2025,Chadwicks Wexford Park,2-24,2-6
Allianz Hurling League Roinn 1A,Wexford,Cork,25/01/2025,Chadwicks Wexford Park,0-12,2-21
Allianz Hurling League Roinn 1B,Offaly,Carlow,25/01/2025,Glenisk O'Connor Park,0-19,1-16
Allianz Hurling League Roinn 1B,Dublin,Antrim,25/01/2025,Páirc an Chrócaigh,1-25,0-14
Allianz Hurling League Roinn 2,Down,Kildare,25/01/2025,Ballycran,2-19,0-22
Allianz Hurling League Roinn 2,Meath,Donegal,25/01/2025,Trim,2-12,1-14
Allianz Hurling League Roinn 2,Tyrone,Derry,25/01/2025,"O'Neills Healy Park, Omagh",0-14,1-13
Allianz Hurling League Roinn 4,Louth,Fermanagh,25/01/2025,"Páirc Naomh Bríd, Dowdallshill",2-18,1-12
Allianz Hurling League Roinn 4,Longford,Warwickshire,25/01/2025,Glennon Brothers Pearse Park,4-14,3-11
Allianz Hurling League Roinn 4,Lancashire,Leitrim,25/01/2025,Abbottstown - GAA Centre of Excellence,2-10,0-21
Allianz Hurling League Roinn 4,Leitrim,Roscommon,26/01/2025,Páirc an Chrócaigh,0-13,1-12
Allianz Football League Roinn 2,Roscommon,Down,26/01/2025,"King & Moffatt Dr Hyde Park, Roscommon",3-21,1-20
Allianz Football League Roinn 2,Westmeath,Louth,26/01/2025,"TEG Cusack Park, Mullingar",0-18,1-17
Allianz Football League Roinn 3,Antrim,Clare,26/01/2025,"Corrigan Park, Belfast",1-9,1-6
Allianz Football League Roinn 3,Offaly,Sligo,26/01/2025,Glenisk O'Connor Park,1-17,0-13
Allianz Football League Roinn 4,Longford,Limerick,26/01/2025,Glennon Brothers Pearse Park,2-12,1-15
Allianz Hurling League Roinn 1A,Clare,Kilkenny,26/01/2025,"Zimmer Biomet Páirc Chíosóg, Ennis",0-21,0-23
Allianz Hurling League Roinn 1A,Galway,Tipperary,26/01/2025,Pearse Stadium,2-16,3-25
Allianz Hurling League Roinn 3,London,Roscommon,26/01/2025,"McGovern Park, Ruislip",1-15,1-10
Allianz Hurling League Roinn 3,Sligo,Wicklow,26/01/2025,ATU Sligo Knocknarea Arena,2-8,1-16
Allianz Football League Roinn 1,Armagh,Tyrone,01/02/2025,"BOX-IT Athletic Grounds, Armagh",1-23,0-18
Allianz Football League Roinn 1,Donegal,Dublin,01/02/2025,Ballybofey,0-20,0-16
Allianz Football League Roinn 4,Tipperary,Longford,01/02/2025,Clonmel,3-13,1-18
Allianz Football League Roinn 4,Waterford,Carlow,01/02/2025,"Cappoquin Logistics Fraher Field, Dungarvan",0-12,2-15
Allianz Hurling League Roinn 1A,Cork,Limerick,01/02/2025,"SuperValu Páirc Uí Chaoimh, Cork",1-16,1-16
Allianz Hurling League Roinn 2,Kildare,Kerry,01/02/2025,Cedral St Conleth's Park,2-28,0-17
Allianz Hurling League Roinn 2,Derry,Down,01/02/2025,Owenbeg,0-13,2-26
Allianz Hurling League Roinn 3,Wicklow,London,01/02/2025,"Echelon Park, Aughrim",1-17,1-18
Allianz Hurling League Roinn 3,Cavan,Sligo,01/02/2025,"Kingspan Breffni, Cavan",1-17,1-12
Allianz Hurling League Roinn 4,Monaghan,Louth,01/02/2025,Truagh,0-12,2-24
Allianz Football League Roinn 1,Derry,Kerry,02/02/2025,Celtic Park,1-24,5-15
Allianz Football League Roinn 1,Mayo,Galway,02/02/2025,"Hastings Insurance MacHale Park, Castlebar",0-16,0-26
Allianz Football League Roinn 2,Down,Cork,02/02/2025,"Páirc Esler, Newry",1-19,2-15
Allianz Football League Roinn 2,Louth,Roscommon,02/02/2025,"Integral GAA Grounds, Drogheda",1-15,1-17
Allianz Football League Roinn 2,Meath,Cavan,02/02/2025,"Páirc Tailteann, Navan",3-21,0-20
Allianz Football League Roinn 2,Monaghan,Westmeath,02/02/2025,"St. Tiernach's Park, Clones",2-29,2-21
Allianz Football League Roinn 3,Sligo,Kildare,02/02/2025,"Markievicz Park, Sligo",0-13,1-16
Allianz Football League Roinn 3,Clare,Leitrim,02/02/2025,"Zimmer Biomet Páirc Chíosóg, Ennis",2-17,0-10
Allianz Football League Roinn 3,Fermanagh,Antrim,02/02/2025,"St Josephs Park, Ederney",2-16,3-12
Allianz Football League Roinn 3,Laois,Offaly,02/02/2025,"Laois Hire O'Moore Park, Portlaoise",1-17,2-19
Allianz Football League Roinn 4,London,Wicklow,02/02/2025,"McGovern Park, Ruislip",1-20,0-21
Allianz Football League Roinn 4,Limerick,Wexford,02/02/2025,Mick Neville Park Rathkeale,0-13,0-17
Allianz Hurling League Roinn 1A,Kilkenny,Galway,02/02/2025,UPMC Nowlan Park,1-19,2-19
Allianz Hurling League Roinn 1A,Tipperary,Wexford,02/02/2025,"FBD Semple Stadium, Thurles",1-22,0-19
Allianz Hurling League Roinn 1B,Antrim,Westmeath,02/02/2025,"Corrigan Park, Belfast",2-25,1-19
Allianz Hurling League Roinn 1B,Laois,Offaly,02/02/2025,"Laois Hire O'Moore Park, Portlaoise",1-15,1-24
Allianz Hurling League Roinn 1B,Carlow,Waterford,02/02/2025,Netwatch Cullen Park,2-21,1-19
Allianz Hurling League Roinn 2,Donegal,Tyrone,02/02/2025,Letterkenny,1-20,0-13
Allianz Hurling League Roinn 3,Roscommon,Armagh,02/02/2025,"King & Moffatt Dr Hyde Park, Roscommon",1-22,0-10
Allianz Hurling League Roinn 4,Fermanagh,Longford,02/02/2025,"Kinawley Brian Borus GAA Club, Kinawley, Fermanagh",1-14,0-14
Allianz Hurling League Roinn 4,Warwickshire,Lancashire,02/02/2025,"Páirc na hÉireann, Birmingham",1-18,3-12
Allianz Football League Roinn 1,Kerry,Donegal,08/02/2025,Fitzgerald Stadium,1-18,0-23
Allianz Football League Roinn 3,Leitrim,Laois,08/02/2025,"Páirc Seán Uí Eslín, Ballinamore",0-6,3-20
Allianz Football League Roinn 4,Wicklow,Waterford,08/02/2025,"Echelon Park, Aughrim",3-17,1-19
Allianz Hurling League Roinn 1A,Wexford,Kilkenny,08/02/2025,Chadwicks Wexford Park,0-15,2-17
Allianz Hurling League Roinn 1A,Galway,Clare,08/02/2025,Pearse Stadium,2-21,0-20
Allianz Hurling League Roinn 4,Warwickshire,Louth,08/02/2025,"Páirc na hÉireann, Birmingham",2-7,0-25
Allianz Hurling League Roinn 4,Longford,Leitrim,08/02/2025,Glennon Brothers Pearse Park,1-11,0-17
Allianz Hurling League Roinn 1A,Limerick,Tipperary,09/02/2025,TUS Gaelic Grounds,0-30,1-23
Allianz Hurling League Roinn 1B,Offaly,Antrim,09/02/2025,Glenisk O'Connor Park,2-26,0-17
Allianz Hurling League Roinn 1B,Waterford,Laois,09/02/2025,"Walsh Park, Waterford",1-27,0-20
Allianz Hurling League Roinn 1B,Westmeath,Dublin,09/02/2025,"TEG Cusack Park, Mullingar",0-18,1-22
Allianz Hurling League Roinn 2,Kerry,Derry,09/02/2025,Austin Stack Park,5-20,1-12
Allianz Hurling League Roinn 2,Tyrone,Meath,09/02/2025,Garvaghey,2-14,2-22
Allianz Hurling League Roinn 2,Down,Donegal,09/02/2025,Ballycran,3-17,0-17
Allianz Hurling League Roinn 3,London,Cavan,09/02/2025,"McGovern Park, Ruislip",1-19,1-10
Allianz Hurling League Roinn 3,Armagh,Wicklow,09/02/2025,"BOX-IT Athletic Grounds, Armagh",0-16,2-19
Allianz Hurling League Roinn 3,Sligo,Mayo,09/02/2025,Enniscrone,0-13,1-12
Allianz Hurling League Roinn 4,Fermanagh,Monaghan,09/02/2025,"Brewster Park, Enniskillen",2-14,0-15
Allianz Football League Roinn 1,Derry,Galway,15/02/2025,Celtic Park,0-16,1-13
Allianz Football League Roinn 1,Kerry,Dublin,15/02/2025,Austin Stack Park,1-15,0-19
Allianz Football League Roinn 2,Cork,Westmeath,15/02/2025,"SuperValu Páirc Uí Chaoimh, Cork",3-18,3-17
Allianz Football League Roinn 2,Down,Meath,15/02/2025,"Páirc Esler, Newry",1-18,0-24
Allianz Football League Roinn 4,Wexford,Carlow,15/02/2025,Chadwicks Wexford Park,2-12,0-9
Allianz Football League Roinn 1,Mayo,Tyrone,16/02/2025,"Hastings Insurance MacHale Park, Castlebar",0-12,0-10
Allianz Football League Roinn 1,Donegal,Armagh,16/02/2025,Ballybofey,0-21,1-10
Allianz Football League Roinn 2,Cavan,Louth,16/02/2025,"Kingspan Breffni, Cavan",3-15,0-18
Allianz Football League Roinn 2,Roscommon,Monaghan,16/02/2025,"King & Moffatt Dr Hyde Park, Roscommon",0-25,2-14
Allianz Football League Roinn 3,Laois,Sligo,16/02/2025,"Laois Hire O'Moore Park, Portlaoise",0-23,0-16
Allianz Football League Roinn 3,Clare,Fermanagh,16/02/2025,"Zimmer Biomet Páirc Chíosóg, Ennis",1-17,1-15
Allianz Football League Roinn 3,Leitrim,Kildare,16/02/2025,"Páirc Seán Uí Eslín, Ballinamore",0-7,1-27
Allianz Football League Roinn 3,Offaly,Antrim,16/02/2025,Glenisk O'Connor Park,4-19,0-15
Allianz Football League Roinn 4,London,Limerick,16/02/2025,"McGovern Park, Ruislip",0-11,1-16
Allianz Football League Roinn 4,Waterford,Tipperary,16/02/2025,"Walsh Park, Waterford",0-9,1-14
Allianz Football League Roinn 4,Wicklow,Longford,16/02/2025,"Echelon Park, Aughrim",2-15,0-12
Allianz Hurling League Roinn 1B,Westmeath,Laois,16/02/2025,"TEG Cusack Park, Mullingar",1-19,4-18
Allianz Hurling League Roinn 3,Mayo,Cavan,16/02/2025,Tooreen (Adrian Freeman Park),1-23,2-14
Allianz Football League Roinn 1,Armagh,Mayo,22/02/2025,"BOX-IT Athletic Grounds, Armagh",1-17,1-17
Allianz Football League Roinn 1,Dublin,Derry,22/02/2025,Páirc an Chrócaigh,3-20,2-12
Allianz Football League Roinn 2,Monaghan,Cork,22/02/2025,"Grattan Park, Inniskeen",3-16,1-15
Allianz Football League Roinn 3,Antrim,Leitrim,22/02/2025,"Corrigan Park, Belfast",4-16,1-11
Allianz Football League Roinn 3,Kildare,Laois,22/02/2025,Cedral St Conleth's Park,0-21,0-9
Allianz Football League Roinn 4,Tipperary,London,22/02/2025,"FBD Semple Stadium, Thurles",0-17,2-13
Allianz Football League Roinn 4,Carlow,Limerick,22/02/2025,Netwatch Cullen Park,0-13,1-17
Allianz Hurling League Roinn 1A,Tipperary,Cork,22/02/2025,"FBD Semple Stadium, Thurles",2-22,1-21
Allianz Hurling League Roinn 1B,Dublin,Offaly,22/02/2025,Páirc an Chrócaigh,1-23,0-27
Allianz Hurling League Roinn 2,Derry,Kildare,22/02/2025,Celtic Park,0-17,2-25
Allianz Hurling League Roinn 3,Mayo,London,22/02/2025,Connacht Centre of Excellence,1-17,2-16
Allianz Hurling League Roinn 4,Monaghan,Warwickshire,22/02/2025,"St. Tiernach's Park, Clones",3-19,0-15
Allianz Hurling League Roinn 4,Longford,Lancashire,22/02/2025,Glennon Brothers Pearse Park,2-12,2-10
Allianz Football League Roinn 1,Tyrone,Kerry,23/02/2025,Pomeroy,2-13,3-13
Allianz Football League Roinn 1,Galway,Donegal,23/02/2025,Pearse Stadium,0-21,0-14
Allianz Football League Roinn 2,Westmeath,Cavan,23/02/2025,"TEG Cusack Park, Mullingar",0-21,1-22
Allianz Football League Roinn 2,Louth,Down,23/02/2025,"Integral GAA Grounds, Drogheda",2-17,0-22
Allianz Football League Roinn 2,Meath,Roscommon,23/02/2025,"Páirc Tailteann, Navan",2-18,0-17
Allianz Football League Roinn 3,Fermanagh,Offaly,23/02/2025,"St Josephs Park, Ederney",1-13,3-6
Allianz Football League Roinn 4,Longford,Waterford,23/02/2025,Glennon Brothers Pearse Park,2-11,1-12
Allianz Hurling League Roinn 1A,Clare,Wexford,23/02/2025,"Zimmer Biomet Páirc Chíosóg, Ennis",1-17,1-23
Allianz Hurling League Roinn 1B,Antrim,Waterford,23/02/2025,"Corrigan Park, Belfast",0-11,2-23
Allianz Hurling League Roinn 2,Donegal,Kerry,23/02/2025,Letterkenny,5-14,3-16
Allianz Hurling League Roinn 3,Wicklow,Roscommon,23/02/2025,Bray Emmets GAA Club,4-19,2-13
Allianz Hurling League Roinn 4,Louth,Leitrim,23/02/2025,"Protection & Prosperity Louth GAA Training Centre, Darver",0-13,1-10
Allianz Football League Roinn 1,Mayo,Kerry,01/03/2025,"Hastings Insurance MacHale Park, Castlebar",0-21,1-16
Allianz Football League Roinn 1,Armagh,Dublin,01/03/2025,"BOX-IT Athletic Grounds, Armagh",1-20,1-12
Allianz Football League Roinn 2,Cavan,Down,01/03/2025,"Kingspan Breffni, Cavan",1-20,1-18
Allianz Football League Roinn 2,Cork,Roscommon,01/03/2025,"SuperValu Páirc Uí Chaoimh, Cork",0-13,2-21
Allianz Football League Roinn 3,Laois,Antrim,01/03/2025,"Laois Hire O'Moore Park, Portlaoise",0-22,1-17
Allianz Football League Roinn 3,Fermanagh,Sligo,01/03/2025,"Brewster Park, Enniskillen",0-19,0-19
Allianz Football League Roinn 4,Waterford,Wexford,01/03/2025,"Cappoquin Logistics Fraher Field, Dungarvan",0-11,2-17
Allianz Football League Roinn 4,Limerick,Tipperary,01/03/2025,Mick Neville Park Rathkeale,2-21,3-8
Allianz Hurling League Roinn 1A,Wexford,Galway,01/03/2025,Chadwicks Wexford Park,1-20,2-19
Allianz Hurling League Roinn 1A,Cork,Kilkenny,01/03/2025,"SuperValu Páirc Uí Chaoimh, Cork",1-22,2-16
Allianz Hurling League Roinn 2,Kerry,Meath,01/03/2025,Austin Stack Park,1-20,0-20
Allianz Hurling League Roinn 4,Leitrim,Monaghan,01/03/2025,Glennon Brothers Pearse Park,1-18,0-16
Allianz Hurling League Roinn 4,Lancashire,Louth,01/03/2025,Abbottstown - GAA Centre of Excellence,2-10,0-30
Allianz Hurling League Roinn 4,Louth,Galway,01/03/2025,"Kingspan Breffni, Cavan",0-26,1-6
Allianz Hurling League Roinn 4,Louth,Galway,01/03/2025,"Fethard Town Park, All Weather Pitch",2-16,5-21
Allianz Football League Roinn 1,Galway,Tyrone,02/03/2025,Tuam Stadium,1-18,1-18
Allianz Football League Roinn 1,Donegal,Derry,02/03/2025,Ballyshannon,1-22,1-19
Allianz Football League Roinn 2,Louth,Monaghan,02/03/2025,"Integral GAA Grounds, Drogheda",1-21,1-27
Allianz Football League Roinn 2,Westmeath,Meath,02/03/2025,"TEG Cusack Park, Mullingar",1-17,3-14
Allianz Football League Roinn 3,Leitrim,Offaly,02/03/2025,"Páirc Seán Uí Eslín, Ballinamore",1-9,1-13
Allianz Football League Roinn 3,Clare,Kildare,02/03/2025,"Zimmer Biomet Páirc Chíosóg, Ennis",2-12,0-16
Allianz Football League Roinn 4,London,Longford,02/03/2025,"McGovern Park, Ruislip",1-12,0-16
Allianz Football League Roinn 4,Wicklow,Carlow,02/03/2025,"Echelon Park, Aughrim",2-18,2-14
Allianz Hurling League Roinn 1A,Limerick,Clare,02/03/2025,TUS Gaelic Grounds,0-21,1-21
Allianz Hurling League Roinn 1B,Offaly,Westmeath,02/03/2025,Glenisk O'Connor Park,1-22,0-19
Allianz Hurling League Roinn 1B,Waterford,Dublin,02/03/2025,"Walsh Park, Waterford",1-23,2-18
Allianz Hurling League Roinn 1B,Carlow,Antrim,02/03/2025,Netwatch Cullen Park,1-21,2-18
Allianz Hurling League Roinn 2,Kildare,Donegal,02/03/2025,Cedral St Conleth's Park,3-21,1-15
Allianz Hurling League Roinn 2,Down,Tyrone,02/03/2025,Ballycran,9-26,0-13
Allianz Hurling League Roinn 3,Cavan,Wicklow,02/03/2025,"Kingspan Breffni, Cavan",2-20,1-18
Allianz Hurling League Roinn 3,Mayo,Roscommon,02/03/2025,Tooreen (Adrian Freeman Park),3-25,1-12
Allianz Hurling League Roinn 3,Sligo,Armagh,02/03/2025,"Markievicz Park, Sligo",1-19,3-15
Allianz Hurling League Roinn 4,Warwickshire,Fermanagh,02/03/2025,"Páirc na hÉireann, Birmingham",1-12,0-18
Allianz Football League Roinn 4,Wexford,Wicklow,08/03/2025,Chadwicks Wexford Park,0-20,0-12
Allianz Hurling League Roinn 1A,Limerick,Galway,08/03/2025,TUS Gaelic Grounds,1-27,0-18
Allianz Hurling League Roinn 1B,Dublin,Carlow,08/03/2025,Parnell Park,2-29,3-17
Allianz Hurling League Roinn 2,Kildare,Tyrone,08/03/2025,Cedral St Conleth's Park,2-34,0-8
Allianz Hurling League Roinn 2,Derry,Meath,08/03/2025,Celtic Park,1-27,1-24
Allianz Hurling League Roinn 3,London,Sligo,08/03/2025,"McGovern Park, Ruislip",2-20,0-18
Allianz Hurling League Roinn 3,Roscommon,Cavan,08/03/2025,"King & Moffatt Dr Hyde Park, Roscommon",1-19,0-19
Allianz Hurling League Roinn 4,Louth,Longford,08/03/2025,"Páirc Naomh Bríd, Dowdallshill",0-22,2-8
Allianz Hurling League Roinn 4,Monaghan,Lancashire,08/03/2025,"Grattan Park, Inniskeen",0-20,4-20
Allianz Hurling League Roinn 4,Fermanagh,Leitrim,08/03/2025,"Brewster Park, Enniskillen",0-21,1-16
Allianz Football League Roinn 3,Sligo,Clare,09/03/2025,"Markievicz Park, Sligo",1-19,2-14
Allianz Hurling League Roinn 1A,Kilkenny,Tipperary,09/03/2025,UPMC Nowlan Park,1-19,2-25
Allianz Hurling League Roinn 1A,Clare,Cork,09/03/2025,"Zimmer Biomet Páirc Chíosóg, Ennis",0-23,6-20
Allianz Hurling League Roinn 1B,Antrim,Laois,09/03/2025,"Corrigan Park, Belfast",4-22,0-21
Allianz Hurling League Roinn 1B,Westmeath,Waterford,09/03/2025,"TEG Cusack Park, Mullingar",0-24,7-34
Allianz Hurling League Roinn 2,Kerry,Down,09/03/2025,Austin Stack Park,1-23,0-28
Allianz Hurling League Roinn 3,Armagh,Mayo,09/03/2025,"BOX-IT Athletic Grounds, Armagh",1-18,3-21
Allianz Hurling League Roinn 3,Mayo,Kerry,14/03/2025,Carlow IT,1-15,2-11
Allianz Football League Roinn 1,Kerry,Armagh,15/03/2025,Austin Stack Park,2-21,0-17
Allianz Football League Roinn 1,Dublin,Galway,15/03/2025,Páirc an Chrócaigh,2-19,2-13
Allianz Football League Roinn 2,Down,Westmeath,15/03/2025,"Páirc Esler, Newry",1-26,0-28
Allianz Football League Roinn 3,Laois,Clare,15/03/2025,"Laois Hire O'Moore Park, Portlaoise",1-21,2-22
Allianz Football League Roinn 4,Carlow,Longford,15/03/2025,Netwatch Cullen Park,2-20,0-14
Allianz Football League Roinn 4,Wexford,Tipperary,15/03/2025,Chadwicks Wexford Park,1-13,1-12
Allianz Football League Roinn 4,Waterford,London,15/03/2025,"Cappoquin Logistics Fraher Field, Dungarvan",1-19,2-11
Allianz Hurling League Roinn 1A,Kilkenny,Limerick,15/03/2025,UPMC Nowlan Park,0-29,0-20
Allianz Hurling League Roinn 1B,Laois,Carlow,15/03/2025,"Laois Hire O'Moore Park, Portlaoise",0-29,2-26
Allianz Hurling League Roinn 2,Meath,Down,15/03/2025,Trim,2-30,4-21
Allianz Hurling League Roinn 3,Cavan,Armagh,15/03/2025,"Kingspan Breffni, Cavan",2-15,2-21
Allianz Football League Roinn 1,Derry,Mayo,16/03/2025,Celtic Park,1-17,2-19
Allianz Football League Roinn 1,Donegal,Tyrone,16/03/2025,Letterkenny,0-19,0-25
Allianz Football League Roinn 2,Meath,Monaghan,16/03/2025,"Páirc Tailteann, Navan",1-20,1-29
Allianz Football League Roinn 2,Cork,Louth,16/03/2025,"SuperValu Páirc Uí Chaoimh, Cork",1-23,0-18
Allianz Football League Roinn 2,Roscommon,Cavan,16/03/2025,"King & Moffatt Dr Hyde Park, Roscommon",0-20,0-22
Allianz Football League Roinn 3,Leitrim,Fermanagh,16/03/2025,"Páirc Seán Uí Eslín, Ballinamore",0-20,0-22
Allianz Football League Roinn 3,Offaly,Kildare,16/03/2025,Glenisk O'Connor Park,2-17,0-17
Allianz Football League Roinn 3,Antrim,Sligo,16/03/2025,"Corrigan Park, Belfast",1-15,1-18
Allianz Football League Roinn 4,Wicklow,Limerick,16/03/2025,"Echelon Park, Aughrim",3-15,1-21
Allianz Hurling League Roinn 1A,Limerick,Wexford,22/03/2025,TUS Gaelic Grounds,1-12,1-19
Allianz Hurling League Roinn 1A,Tipperary,Clare,22/03/2025,"FBD Semple Stadium, Thurles",0-22,1-18
Allianz Hurling League Roinn 1A,Cork,Galway,22/03/2025,"SuperValu Páirc Uí Chaoimh, Cork",4-22,0-22
Allianz Hurling League Roinn 1B,Waterford,Offaly,22/03/2025,"Walsh Park, Waterford",0-22,1-11
Allianz Hurling League Roinn 1B,Laois,Dublin,22/03/2025,"Laois Hire O'Moore Park, Portlaoise",0-13,2-21
Allianz Hurling League Roinn 1B,Carlow,Westmeath,22/03/2025,Netwatch Cullen Park,3-15,3-18
Allianz Hurling League Roinn 2,Donegal,Derry,22/03/2025,Letterkenny,0-9,2-23
Allianz Hurling League Roinn 2,Meath,Kildare,22/03/2025,Trim,1-14,1-24
Allianz Hurling League Roinn 2,Tyrone,Kerry,22/03/2025,Garvaghey,1-13,1-19
Allianz Hurling League Roinn 3,Wicklow,Mayo,22/03/2025,"Echelon Park, Aughrim",2-15,4-15
Allianz Hurling League Roinn 3,Roscommon,Sligo,22/03/2025,Connacht Centre of Excellence,2-15,2-13
Allianz Hurling League Roinn 3,Armagh,London,22/03/2025,"BOX-IT Athletic Grounds, Armagh",0-10,2-15
Allianz Hurling League Roinn 4,Leitrim,Warwickshire,22/03/2025,Connacht Centre of Excellence,0-7,4-14
Allianz Hurling League Roinn 4,Longford,Monaghan,22/03/2025,Glennon Brothers Pearse Park,3-15,2-13
Allianz Hurling League Roinn 4,Lancashire,Fermanagh,22/03/2025,Abbottstown - GAA Centre of Excellence,1-10,2-21
Allianz Football League Roinn 1,Galway,Kerry,23/03/2025,Pearse Stadium,2-19,3-24
Allianz Football League Roinn 1,Mayo,Donegal,23/03/2025,"Hastings Insurance MacHale Park, Castlebar",1-18,1-16
Allianz Football League Roinn 1,Armagh,Derry,23/03/2025,"BOX-IT Athletic Grounds, Armagh",4-24,1-18
Allianz Football League Roinn 1,Tyrone,Dublin,23/03/2025,"O'Neills Healy Park, Omagh",2-20,1-16
Allianz Football League Roinn 2,Monaghan,Down,23/03/2025,"St. Tiernach's Park, Clones",2-17,0-24
Allianz Football League Roinn 2,Louth,Meath,23/03/2025,"Grattan Park, Inniskeen",1-19,0-17
Allianz Football League Roinn 2,Westmeath,Roscommon,23/03/2025,"TEG Cusack Park, Mullingar",1-19,2-16
Allianz Football League Roinn 2,Cavan,Cork,23/03/2025,"Kingspan Breffni, Cavan",0-19,0-21
Allianz Football League Roinn 3,Fermanagh,Laois,23/03/2025,"Brewster Park, Enniskillen",1-18,2-13
Allianz Football League Roinn 3,Clare,Offaly,23/03/2025,"Zimmer Biomet Páirc Chíosóg, Ennis",2-14,2-9
Allianz Football League Roinn 3,Sligo,Leitrim,23/03/2025,"Markievicz Park, Sligo",0-32,0-10
Allianz Football League Roinn 3,Kildare,Antrim,23/03/2025,Cedral St Conleth's Park,1-26,1-15
Allianz Football League Roinn 4,Longford,Wexford,23/03/2025,Glennon Brothers Pearse Park,1-10,2-18
Allianz Football League Roinn 4,Limerick,Waterford,23/03/2025,Mick Neville Park Rathkeale,4-24,1-17
Allianz Football League Roinn 4,Tipperary,Wicklow,23/03/2025,Clonmel,0-12,0-21
Allianz Football League Roinn 4,London,Carlow,23/03/2025,"McGovern Park, Ruislip",1-17,1-18
Allianz Football League Roinn 4,Roscommon,Wicklow,29/03/2025,"King & Moffatt Dr Hyde Park, Roscommon",2-24,5-16
Allianz Football League Roinn 4,Derry,Sligo,29/03/2025,Owenbeg,3-22,0-7
Allianz Football League Roinn 4,Leitrim,Armagh,29/03/2025,"Orchard Park, Elphin GAA, Co. Roscommon",0-10,2-16
Allianz Football League Roinn 2,Monaghan,Roscommon,29/03/2025,Páirc an Chrócaigh,1-26,0-19
Allianz Football League Roinn 4,Limerick,Wexford,29/03/2025,Páirc an Chrócaigh,3-11,0-18
Allianz Hurling League Roinn 2,Down,Kildare,29/03/2025,"Grattan Park, Inniskeen",4-22,3-18
Allianz Hurling League Roinn 3,London,Mayo,29/03/2025,"Manguard Park, Hawkfield, Kildare",1-8,0-14
Allianz Hurling League Roinn 4,Fermanagh,Louth,29/03/2025,"St Mellans Park, Truagh, Co. Monaghan",1-8,0-16
Allianz Hurling League Roinn 4,Donegal,Down,30/03/2025,GAA Centre Convoy,1-11,1-18
Allianz Hurling League Roinn 4,Mayo,Tyrone,30/03/2025,Ballina Stephenites,3-14,3-24
Allianz Hurling League Roinn 4,Fermanagh,Louth,30/03/2025,"St. Patrick's Lisbellaw Hurling Club, Enniskillen",1-6,2-10
Allianz Hurling League Roinn 4,Monaghan,Cavan,30/03/2025,"Cloghan, Entekra COE",4-22,3-7
Allianz Football League Roinn 1,Kerry,Mayo,30/03/2025,Páirc an Chrócaigh,1-18,1-12
Allianz Football League Roinn 3,Kildare,Offaly,30/03/2025,Páirc an Chrócaigh,1-18,2-17
Connacht GAA Football Senior Championship,London,Roscommon,05/04/2025,"McGovern Park, Ruislip",0-13,2-26
Leinster GAA Football Senior Championship,Wexford,Laois,05/04/2025,Chadwicks Wexford Park,2-11,2-21
Munster GAA Football Senior Championship,Tipperary,Waterford,05/04/2025,"FBD Semple Stadium, Thurles",1-22,1-19
Munster GAA Football Senior Championship,Limerick,Cork,05/04/2025,TUS Gaelic Grounds,0-13,0-24
GAA Hurling All-Ireland U20B Championship - Richie McElligott Cup,Tyrone,Wicklow,05/04/2025,"Protection & Prosperity Louth GAA Training Centre, Darver",4-9,2-10
GAA Hurling All-Ireland U20B Championship - Richie McElligott Cup,Derry,Down,05/04/2025,Owenbeg,2-16,4-15
GAA Hurling All-Ireland U20C Championship - Andrew O'Neill Cup,Monaghan,Longford,05/04/2025,"Cloghan, Entekra COE",4-10,3-12
GAA Hurling All-Ireland U20C Championship - Andrew O'Neill Cup,Armagh,Louth,05/04/2025,"BOX-IT Athletic Grounds, Armagh",4-19,0-9
Connacht GAA Football Senior Championship,Mayo,Sligo,06/04/2025,"Hastings Insurance MacHale Park, Castlebar",2-20,2-17
Connacht GAA Football Senior Championship,New York,Galway,06/04/2025,"Gaelic Park, New York",0-20,3-28
Leinster GAA Football Senior Championship,Meath,Carlow,06/04/2025,"PÃ¡irc Tailteann, Navan",1-30,0-19
Leinster GAA Football Senior Championship,Longford,Wicklow,06/04/2025,Glennon Brothers Pearse Park,1-20,2-23
Ulster GAA Football Senior Championship,Donegal,Derry,06/04/2025,Ballybofey,1-25,1-15
Allianz Hurling League Roinn 1A,Cork,Tipperary,06/04/2025,"SuperValu PÃ¡irc UÃ­ Chaoimh, Cork",3-24,0-23
Allianz Hurling League Roinn 1B,Waterford,Offaly,06/04/2025,"SuperValu PÃ¡irc UÃ­ Chaoimh, Cork",1-27,2-20
Leinster GAA Football Senior Championship,Kildare,Westmeath,12/04/2025,Cedral St Conleth's Newbridge,2-17,0-21
Ulster GAA Football Senior Championship,Antrim,Armagh,12/04/2025,"Corrigan Park, Belfast",1-23,1-34
Christy Ring Cup,Wicklow,Tyrone,12/04/2025,"Echelon Park, Aughrim",1-24,2-16
Christy Ring Cup,Meath,London,12/04/2025,Trim,0-21,5-18
Christy Ring Cup,Derry,Donegal,12/04/2025,Celtic Park,1-21,1-17
Nickey Rackard Cup,Mayo,Roscommon,12/04/2025,"Hastings Insurance MacHale Park, Castlebar",1-21,1-14
Nickey Rackard Cup,Sligo,Louth,12/04/2025,"Markievicz Park, Sligo",0-20,0-15
Lory Meagher Cup,Lancashire,Longford,12/04/2025,Abbottstown - GAA Centre of Excellence,0-16,4-21
Lory Meagher Cup,Monaghan,Leitrim,12/04/2025,"Grattan Park, Inniskeen",2-13,0-9
2025 Academy Squads - Hibernia 1,Clare,Laois,12/04/2025,Caherlohan,4-18,3-5
2025 Academy Squads - Hibernia 1,Meath,Limerick,12/04/2025,,5-9,4-6
2025 Academy Squads - Hibernia 1,Antrim,Derry,12/04/2025,,3-11,2-13
2025 Academy Squads - Hibernia 1,Limerick,Kildare,12/04/2025,,0-8,5-16
2025 Academy Squads - Hibernia 2,Donegal,Tyrone,12/04/2025,,Invalid score,Invalid score
2025 Academy Squads - Hibernia 2,Armagh,Monaghan,12/04/2025,,Invalid score,Invalid score
2025 Academy Squads - Hibernia 2,Mayo,Sligo,12/04/2025,Tooreen (Adrian Freeman Park),3-17,4-7
2025 Academy Squads - Hibernia 3,Cavan,Fermanagh,12/04/2025,,1-2,7-19
2025 Academy Squads - Hibernia 3,Leitrim,Longford,12/04/2025,Leitrim Gaels,5-5,2-8
2025 Academy Squads - Hibernia 3,Mayo,Louth,12/04/2025,Ballyhaunis GAA,4-5,4-12
Leinster GAA Football Senior Championship,Wicklow,Dublin,13/04/2025,"Echelon Park, Aughrim",0-18,2-21
Leinster GAA Football Senior Championship,Meath,Offaly,13/04/2025,"PÃ¡irc Tailteann, Navan",1-25,0-21
Leinster GAA Football Senior Championship,Louth,Laois,13/04/2025,Cedral St Conleth's Newbridge,2-16,0-17
Ulster GAA Football Senior Championship,Tyrone,Cavan,13/04/2025,"O'Neills Healy Park, Omagh",1-24,0-20
Nickey Rackard Cup,Fermanagh,Armagh,13/04/2025,"Brewster Park, Enniskillen",0-15,1-13
Lory Meagher Cup,Warwickshire,Cavan,13/04/2025,"PÃ¡irc na hÃ‰ireann, Birmingham",1-11,4-32
Connacht GAA Football Senior Championship,Leitrim,Mayo,19/04/2025,Avant Money PÃ¡irc SeÃ¡n Mac Diarmada,0-13,0-20
Munster GAA Football Senior Championship,Clare,Tipperary,19/04/2025,"Zimmer Biomet PÃ¡irc ChÃ­osÃ³g, Ennis",2-18,1-15
Munster GAA Football Senior Championship,Cork,Kerry,19/04/2025,"SuperValu PÃ¡irc UÃ­ Chaoimh, Cork",1-25,3-21
Ulster GAA Football Senior Championship,Fermanagh,Down,19/04/2025,"Brewster Park, Enniskillen",0-23,2-19
Leinster GAA Hurling Senior Championship,Wexford,Antrim,19/04/2025,Chadwicks Wexford Park,2-24,0-19
Leinster GAA Hurling Senior Championship,Kilkenny,Galway,19/04/2025,UPMC Nowlan Park,3-24,0-21
Leinster GAA Hurling Senior Championship,Dublin,Offaly,19/04/2025,Parnell Park,1-25,2-19
Christy Ring Cup,Donegal,Wicklow,19/04/2025,Letterkenny,1-10,1-11
Christy Ring Cup,Meath,Tyrone,19/04/2025,Trim,2-29,2-15
Nickey Rackard Cup,Armagh,Mayo,19/04/2025,"BOX-IT Athletic Grounds, Armagh",0-11,1-29
Nickey Rackard Cup,Sligo,Roscommon,19/04/2025,"Markievicz Park, Sligo",0-17,1-14
Lory Meagher Cup,Leitrim,Lancashire,19/04/2025,Glennon Brothers Pearse Park,1-13,1-12
Lory Meagher Cup,Longford,Warwickshire,19/04/2025,Glennon Brothers Pearse Park,1-14,0-16
Lory Meagher Cup,Cavan,Monaghan,19/04/2025,"Kingspan Breffni, Cavan",2-20,1-14
Joe McDonagh Cup,Kildare,Kerry,19/04/2025,Cedral St Conleth's Newbridge,0-19,1-17
Joe McDonagh Cup,Carlow,Down,19/04/2025,Netwatch Cullen Park,6-23,0-20
Joe McDonagh Cup,Laois,Westmeath,19/04/2025,"Laois Hire O'Moore Park, Portlaoise",3-25,1-22
Connacht GAA Football Senior Championship,Galway,Roscommon,20/04/2025,Pearse Stadium,1-24,0-18
Ulster GAA Football Senior Championship,Monaghan,Donegal,20/04/2025,"St. Tiernach's Park, Clones",0-21,0-23
Munster GAA Hurling Senior Championship,Clare,Cork,20/04/2025,"Zimmer Biomet PÃ¡irc ChÃ­osÃ³g, Ennis",3-21,2-24
Munster GAA Hurling Senior Championship,Tipperary,Limerick,20/04/2025,FBD Semple Stadium,2-23,2-23
Christy Ring Cup,London,Derry,20/04/2025,"McGovern Park, Ruislip",1-18,2-19
Nickey Rackard Cup,Louth,Fermanagh,20/04/2025,"Dowdallshill, Dundalk",3-20,0-15
Ulster GAA Football Senior Championship,Armagh,Tyrone,26/04/2025,"St. Tiernach's Park, Clones",Invalid score,Invalid score
Leinster GAA Hurling Senior Championship,Dublin,Wexford,26/04/2025,Parnell Park,Invalid score,Invalid score
Leinster GAA Hurling Senior Championship,Offaly,Galway,26/04/2025,Glenisk O'Connor Park,Invalid score,Invalid score
Christy Ring Cup,Tyrone,Donegal,26/04/2025,"PÃ¡irc Colmcille, Carrickmore",Invalid score,Invalid score
Christy Ring Cup,Wicklow,London,26/04/2025,"Echelon Park, Aughrim",Invalid score,Invalid score
Christy Ring Cup,Derry,Meath,26/04/2025,Celtic Park,Invalid score,Invalid score
Nickey Rackard Cup,Mayo,Louth,26/04/2025,"Hastings Insurance MacHale Park, Castlebar",Invalid score,Invalid score
Nickey Rackard Cup,Fermanagh,Sligo,26/04/2025,"Brewster Park, Enniskillen",Invalid score,Invalid score
Lory Meagher Cup,Longford,Leitrim,26/04/2025,Glennon Brothers Pearse Park,Invalid score,Invalid score
Lory Meagher Cup,Monaghan,Warwickshire,26/04/2025,"Grattan Park, Inniskeen",Invalid score,Invalid score
Lory Meagher Cup,Cavan,Lancashire,26/04/2025,"Kingspan Breffni, Cavan",Invalid score,Invalid score
Joe McDonagh Cup,Down,Laois,26/04/2025,Ballycran,Invalid score,Invalid score
Joe McDonagh Cup,Kildare,Westmeath,26/04/2025,Cedral St Conleth's Newbridge,Invalid score,Invalid score
Leinster GAA Football Senior Championship,Kildare,Louth,27/04/2025,Glenisk O'Connor Park,Invalid score,Invalid score
Leinster GAA Football Senior Championship,Dublin,Meath,27/04/2025,"Laois Hire O'Moore Park, Portlaoise",Invalid score,Invalid score
Ulster GAA Football Senior Championship,Donegal,Down,27/04/2025,"St. Tiernach's Park, Clones",Invalid score,Invalid score
Leinster GAA Hurling Senior Championship,Antrim,Kilkenny,27/04/2025,"Corrigan Park, Belfast",Invalid score,Invalid score
Munster GAA Hurling Senior Championship,Waterford,Clare,27/04/2025,"Walsh Park, Waterford",Invalid score,Invalid score
Munster GAA Hurling Senior Championship,Cork,Tipperary,27/04/2025,"SuperValu PÃ¡irc UÃ­ Chaoimh, Cork",Invalid score,Invalid score
Nickey Rackard Cup,Roscommon,Armagh,27/04/2025,"King & Moffatt Dr Hyde Park, Roscommon",Invalid score,Invalid score
Joe McDonagh Cup,Kerry,Carlow,27/04/2025,Austin Stack Park,Invalid score,Invalid score
Connacht GAA Football Senior Championship,London,Roscommon,05/04/2025,"McGovern Park, Ruislip",0-13,2-26
Leinster GAA Football Senior Championship,Wexford,Laois,05/04/2025,Chadwicks Wexford Park,2-11,2-21
Munster GAA Football Senior Championship,Tipperary,Waterford,05/04/2025,"FBD Semple Stadium, Thurles",1-22,1-19
Munster GAA Football Senior Championship,Limerick,Cork,05/04/2025,TUS Gaelic Grounds,0-13,0-24
GAA Hurling All-Ireland U20B Championship - Richie McElligott Cup,Tyrone,Wicklow,05/04/2025,"Protection & Prosperity Louth GAA Training Centre, Darver",4-9,2-10
GAA Hurling All-Ireland U20B Championship - Richie McElligott Cup,Derry,Down,05/04/2025,Owenbeg,2-16,4-15
GAA Hurling All-Ireland U20C Championship - Andrew O'Neill Cup,Monaghan,Longford,05/04/2025,"Cloghan, Entekra COE",4-10,3-12
GAA Hurling All-Ireland U20C Championship - Andrew O'Neill Cup,Armagh,Louth,05/04/2025,"BOX-IT Athletic Grounds, Armagh",4-19,0-9
Connacht GAA Football Senior Championship,Mayo,Sligo,06/04/2025,"Hastings Insurance MacHale Park, Castlebar",2-20,2-17
Connacht GAA Football Senior Championship,New York,Galway,06/04/2025,"Gaelic Park, New York",0-20,3-28
Leinster GAA Football Senior Championship,Meath,Carlow,06/04/2025,"PÃ¡irc Tailteann, Navan",1-30,0-19
Leinster GAA Football Senior Championship,Longford,Wicklow,06/04/2025,Glennon Brothers Pearse Park,1-20,2-23
Ulster GAA Football Senior Championship,Donegal,Derry,06/04/2025,Ballybofey,1-25,1-15
Allianz Hurling League Roinn 1A,Cork,Tipperary,06/04/2025,"SuperValu PÃ¡irc UÃ­ Chaoimh, Cork",3-24,0-23
Allianz Hurling League Roinn 1B,Waterford,Offaly,06/04/2025,"SuperValu PÃ¡irc UÃ­ Chaoimh, Cork",1-27,2-20
Leinster GAA Football Senior Championship,Kildare,Westmeath,12/04/2025,Cedral St Conleth's Newbridge,2-17,0-21
Ulster GAA Football Senior Championship,Antrim,Armagh,12/04/2025,"Corrigan Park, Belfast",1-23,1-34
Christy Ring Cup,Wicklow,Tyrone,12/04/2025,"Echelon Park, Aughrim",1-24,2-16
Christy Ring Cup,Meath,London,12/04/2025,Trim,0-21,5-18
Christy Ring Cup,Derry,Donegal,12/04/2025,Celtic Park,1-21,1-17
Nickey Rackard Cup,Mayo,Roscommon,12/04/2025,"Hastings Insurance MacHale Park, Castlebar",1-21,1-14
Nickey Rackard Cup,Sligo,Louth,12/04/2025,"Markievicz Park, Sligo",0-20,0-15
Lory Meagher Cup,Lancashire,Longford,12/04/2025,Abbottstown - GAA Centre of Excellence,0-16,4-21
Lory Meagher Cup,Monaghan,Leitrim,12/04/2025,"Grattan Park, Inniskeen",2-13,0-9
2025 Academy Squads - Hibernia 1,Clare,Laois,12/04/2025,Caherlohan,4-18,3-5
2025 Academy Squads - Hibernia 1,Meath,Limerick,12/04/2025,,5-9,4-6
2025 Academy Squads - Hibernia 1,Antrim,Derry,12/04/2025,,3-11,2-13
2025 Academy Squads - Hibernia 1,Limerick,Kildare,12/04/2025,,0-8,5-16
2025 Academy Squads - Hibernia 2,Donegal,Tyrone,12/04/2025,,Invalid score,Invalid score
2025 Academy Squads - Hibernia 2,Armagh,Monaghan,12/04/2025,,Invalid score,Invalid score
2025 Academy Squads - Hibernia 2,Mayo,Sligo,12/04/2025,Tooreen (Adrian Freeman Park),3-17,4-7
2025 Academy Squads - Hibernia 3,Cavan,Fermanagh,12/04/2025,,1-2,7-19
2025 Academy Squads - Hibernia 3,Leitrim,Longford,12/04/2025,Leitrim Gaels,5-5,2-8
2025 Academy Squads - Hibernia 3,Mayo,Louth,12/04/2025,Ballyhaunis GAA,4-5,4-12
Leinster GAA Football Senior Championship,Wicklow,Dublin,13/04/2025,"Echelon Park, Aughrim",0-18,2-21
Leinster GAA Football Senior Championship,Meath,Offaly,13/04/2025,"PÃ¡irc Tailteann, Navan",1-25,0-21
Leinster GAA Football Senior Championship,Louth,Laois,13/04/2025,Cedral St Conleth's Newbridge,2-16,0-17
Ulster GAA Football Senior Championship,Tyrone,Cavan,13/04/2025,"O'Neills Healy Park, Omagh",1-24,0-20
Nickey Rackard Cup,Fermanagh,Armagh,13/04/2025,"Brewster Park, Enniskillen",0-15,1-13
Lory Meagher Cup,Warwickshire,Cavan,13/04/2025,"PÃ¡irc na hÃ‰ireann, Birmingham",1-11,4-32
Connacht GAA Football Senior Championship,Leitrim,Mayo,19/04/2025,Avant Money PÃ¡irc SeÃ¡n Mac Diarmada,0-13,0-20
Munster GAA Football Senior Championship,Clare,Tipperary,19/04/2025,"Zimmer Biomet PÃ¡irc ChÃ­osÃ³g, Ennis",2-18,1-15
Munster GAA Football Senior Championship,Cork,Kerry,19/04/2025,"SuperValu PÃ¡irc UÃ­ Chaoimh, Cork",1-25,3-21
Ulster GAA Football Senior Championship,Fermanagh,Down,19/04/2025,"Brewster Park, Enniskillen",0-23,2-19
Leinster GAA Hurling Senior Championship,Wexford,Antrim,19/04/2025,Chadwicks Wexford Park,2-24,0-19
Leinster GAA Hurling Senior Championship,Kilkenny,Galway,19/04/2025,UPMC Nowlan Park,3-24,0-21
Leinster GAA Hurling Senior Championship,Dublin,Offaly,19/04/2025,Parnell Park,1-25,2-19
Christy Ring Cup,Donegal,Wicklow,19/04/2025,Letterkenny,1-10,1-11
Christy Ring Cup,Meath,Tyrone,19/04/2025,Trim,2-29,2-15
Nickey Rackard Cup,Armagh,Mayo,19/04/2025,"BOX-IT Athletic Grounds, Armagh",0-11,1-29
Nickey Rackard Cup,Sligo,Roscommon,19/04/2025,"Markievicz Park, Sligo",0-17,1-14
Lory Meagher Cup,Leitrim,Lancashire,19/04/2025,Glennon Brothers Pearse Park,1-13,1-12
Lory Meagher Cup,Longford,Warwickshire,19/04/2025,Glennon Brothers Pearse Park,1-14,0-16
Lory Meagher Cup,Cavan,Monaghan,19/04/2025,"Kingspan Breffni, Cavan",2-20,1-14
Joe McDonagh Cup,Kildare,Kerry,19/04/2025,Cedral St Conleth's Newbridge,0-19,1-17
Joe McDonagh Cup,Carlow,Down,19/04/2025,Netwatch Cullen Park,6-23,0-20
Joe McDonagh Cup,Laois,Westmeath,19/04/2025,"Laois Hire O'Moore Park, Portlaoise",3-25,1-22
Connacht GAA Football Senior Championship,Galway,Roscommon,20/04/2025,Pearse Stadium,1-24,0-18
Ulster GAA Football Senior Championship,Monaghan,Donegal,20/04/2025,"St. Tiernach's Park, Clones",0-21,0-23
Munster GAA Hurling Senior Championship,Clare,Cork,20/04/2025,"Zimmer Biomet PÃ¡irc ChÃ­osÃ³g, Ennis",3-21,2-24
Munster GAA Hurling Senior Championship,Tipperary,Limerick,20/04/2025,FBD Semple Stadium,2-23,2-23
Christy Ring Cup,London,Derry,20/04/2025,"McGovern Park, Ruislip",1-18,2-19
Nickey Rackard Cup,Louth,Fermanagh,20/04/2025,"Dowdallshill, Dundalk",3-20,0-15
Ulster GAA Football Senior Championship,Armagh,Tyrone,26/04/2025,"St. Tiernach's Park, Clones",Invalid score,Invalid score
Leinster GAA Hurling Senior Championship,Dublin,Wexford,26/04/2025,Parnell Park,Invalid score,Invalid score
Leinster GAA Hurling Senior Championship,Offaly,Galway,26/04/2025,Glenisk O'Connor Park,Invalid score,Invalid score
Christy Ring Cup,Tyrone,Donegal,26/04/2025,"PÃ¡irc Colmcille, Carrickmore",Invalid score,Invalid score
Christy Ring Cup,Wicklow,London,26/04/2025,"Echelon Park, Aughrim",Invalid score,Invalid score
Christy Ring Cup,Derry,Meath,26/04/2025,Celtic Park,Invalid score,Invalid score
Nickey Rackard Cup,Mayo,Louth,26/04/2025,"Hastings Insurance MacHale Park, Castlebar",Invalid score,Invalid score
Nickey Rackard Cup,Fermanagh,Sligo,26/04/2025,"Brewster Park, Enniskillen",Invalid score,Invalid score
Lory Meagher Cup,Longford,Leitrim,26/04/2025,Glennon Brothers Pearse Park,Invalid score,Invalid score
Lory Meagher Cup,Monaghan,Warwickshire,26/04/2025,"Grattan Park, Inniskeen",Invalid score,Invalid score
Lory Meagher Cup,Cavan,Lancashire,26/04/2025,"Kingspan Breffni, Cavan",Invalid score,Invalid score
Joe McDonagh Cup,Down,Laois,26/04/2025,Ballycran,Invalid score,Invalid score
Joe McDonagh Cup,Kildare,Westmeath,26/04/2025,Cedral St Conleth's Newbridge,Invalid score,Invalid score
Leinster GAA Football Senior Championship,Kildare,Louth,27/04/2025,Glenisk O'Connor Park,Invalid score,Invalid score
Leinster GAA Football Senior Championship,Dublin,Meath,27/04/2025,"Laois Hire O'Moore Park, Portlaoise",Invalid score,Invalid score
Ulster GAA Football Senior Championship,Donegal,Down,27/04/2025,"St. Tiernach's Park, Clones",Invalid score,Invalid score
Leinster GAA Hurling Senior Championship,Antrim,Kilkenny,27/04/2025,"Corrigan Park, Belfast",Invalid score,Invalid score
Munster GAA Hurling Senior Championship,Waterford,Clare,27/04/2025,"Walsh Park, Waterford",Invalid score,Invalid score
Munster GAA Hurling Senior Championship,Cork,Tipperary,27/04/2025,"SuperValu PÃ¡irc UÃ­ Chaoimh, Cork",Invalid score,Invalid score
Nickey Rackard Cup,Roscommon,Armagh,27/04/2025,"King & Moffatt Dr Hyde Park, Roscommon",Invalid score,Invalid score
Joe McDonagh Cup,Kerry,Carlow,27/04/2025,Austin Stack Park,Invalid score,Invalid score
Connacht GAA Football Senior Championship,London,Roscommon,05/04/2025,"McGovern Park, Ruislip",0-13,2-26
Leinster GAA Football Senior Championship,Wexford,Laois,05/04/2025,Chadwicks Wexford Park,2-11,2-21
Munster GAA Football Senior Championship,Tipperary,Waterford,05/04/2025,"FBD Semple Stadium, Thurles",1-22,1-19
Munster GAA Football Senior Championship,Limerick,Cork,05/04/2025,TUS Gaelic Grounds,0-13,0-24
GAA Hurling All-Ireland U20B Championship - Richie McElligott Cup,Tyrone,Wicklow,05/04/2025,"Protection & Prosperity Louth GAA Training Centre, Darver",4-9,2-10
GAA Hurling All-Ireland U20B Championship - Richie McElligott Cup,Derry,Down,05/04/2025,Owenbeg,2-16,4-15
GAA Hurling All-Ireland U20C Championship - Andrew O'Neill Cup,Monaghan,Longford,05/04/2025,"Cloghan, Entekra COE",4-10,3-12
GAA Hurling All-Ireland U20C Championship - Andrew O'Neill Cup,Armagh,Louth,05/04/2025,"BOX-IT Athletic Grounds, Armagh",4-19,0-9
Connacht GAA Football Senior Championship,Mayo,Sligo,06/04/2025,"Hastings Insurance MacHale Park, Castlebar",2-20,2-17
Connacht GAA Football Senior Championship,New York,Galway,06/04/2025,"Gaelic Park, New York",0-20,3-28
Leinster GAA Football Senior Championship,Meath,Carlow,06/04/2025,"PÃ¡irc Tailteann, Navan",1-30,0-19
Leinster GAA Football Senior Championship,Longford,Wicklow,06/04/2025,Glennon Brothers Pearse Park,1-20,2-23
Ulster GAA Football Senior Championship,Donegal,Derry,06/04/2025,Ballybofey,1-25,1-15
Allianz Hurling League Roinn 1A,Cork,Tipperary,06/04/2025,"SuperValu PÃ¡irc UÃ­ Chaoimh, Cork",3-24,0-23
Allianz Hurling League Roinn 1B,Waterford,Offaly,06/04/2025,"SuperValu PÃ¡irc UÃ­ Chaoimh, Cork",1-27,2-20
Leinster GAA Football Senior Championship,Kildare,Westmeath,12/04/2025,Cedral St Conleth's Newbridge,2-17,0-21
Ulster GAA Football Senior Championship,Antrim,Armagh,12/04/2025,"Corrigan Park, Belfast",1-23,1-34
Christy Ring Cup,Wicklow,Tyrone,12/04/2025,"Echelon Park, Aughrim",1-24,2-16
Christy Ring Cup,Meath,London,12/04/2025,Trim,0-21,5-18
Christy Ring Cup,Derry,Donegal,12/04/2025,Celtic Park,1-21,1-17
Nickey Rackard Cup,Mayo,Roscommon,12/04/2025,"Hastings Insurance MacHale Park, Castlebar",1-21,1-14
Nickey Rackard Cup,Sligo,Louth,12/04/2025,"Markievicz Park, Sligo",0-20,0-15
Lory Meagher Cup,Lancashire,Longford,12/04/2025,Abbottstown - GAA Centre of Excellence,0-16,4-21
Lory Meagher Cup,Monaghan,Leitrim,12/04/2025,"Grattan Park, Inniskeen",2-13,0-9
2025 Academy Squads - Hibernia 1,Clare,Laois,12/04/2025,Caherlohan,4-18,3-5
2025 Academy Squads - Hibernia 1,Meath,Limerick,12/04/2025,,5-9,4-6
2025 Academy Squads - Hibernia 1,Antrim,Derry,12/04/2025,,3-11,2-13
2025 Academy Squads - Hibernia 1,Limerick,Kildare,12/04/2025,,0-8,5-16
2025 Academy Squads - Hibernia 2,Donegal,Tyrone,12/04/2025,,Invalid score,Invalid score
2025 Academy Squads - Hibernia 2,Armagh,Monaghan,12/04/2025,,Invalid score,Invalid score
2025 Academy Squads - Hibernia 2,Mayo,Sligo,12/04/2025,Tooreen (Adrian Freeman Park),3-17,4-7
2025 Academy Squads - Hibernia 3,Cavan,Fermanagh,12/04/2025,,1-2,7-19
2025 Academy Squads - Hibernia 3,Leitrim,Longford,12/04/2025,Leitrim Gaels,5-5,2-8
2025 Academy Squads - Hibernia 3,Mayo,Louth,12/04/2025,Ballyhaunis GAA,4-5,4-12
Leinster GAA Football Senior Championship,Wicklow,Dublin,13/04/2025,"Echelon Park, Aughrim",0-18,2-21
Leinster GAA Football Senior Championship,Meath,Offaly,13/04/2025,"PÃ¡irc Tailteann, Navan",1-25,0-21
Leinster GAA Football Senior Championship,Louth,Laois,13/04/2025,Cedral St Conleth's Newbridge,2-16,0-17
Ulster GAA Football Senior Championship,Tyrone,Cavan,13/04/2025,"O'Neills Healy Park, Omagh",1-24,0-20
Nickey Rackard Cup,Fermanagh,Armagh,13/04/2025,"Brewster Park, Enniskillen",0-15,1-13
Lory Meagher Cup,Warwickshire,Cavan,13/04/2025,"PÃ¡irc na hÃ‰ireann, Birmingham",1-11,4-32
Connacht GAA Football Senior Championship,Leitrim,Mayo,19/04/2025,Avant Money PÃ¡irc SeÃ¡n Mac Diarmada,0-13,0-20
Munster GAA Football Senior Championship,Clare,Tipperary,19/04/2025,"Zimmer Biomet PÃ¡irc ChÃ­osÃ³g, Ennis",2-18,1-15
Munster GAA Football Senior Championship,Cork,Kerry,19/04/2025,"SuperValu PÃ¡irc UÃ­ Chaoimh, Cork",1-25,3-21
Ulster GAA Football Senior Championship,Fermanagh,Down,19/04/2025,"Brewster Park, Enniskillen",0-23,2-19
Leinster GAA Hurling Senior Championship,Wexford,Antrim,19/04/2025,Chadwicks Wexford Park,2-24,0-19
Leinster GAA Hurling Senior Championship,Kilkenny,Galway,19/04/2025,UPMC Nowlan Park,3-24,0-21
Leinster GAA Hurling Senior Championship,Dublin,Offaly,19/04/2025,Parnell Park,1-25,2-19
Christy Ring Cup,Donegal,Wicklow,19/04/2025,Letterkenny,1-10,1-11
Christy Ring Cup,Meath,Tyrone,19/04/2025,Trim,2-29,2-15
Nickey Rackard Cup,Armagh,Mayo,19/04/2025,"BOX-IT Athletic Grounds, Armagh",0-11,1-29
Nickey Rackard Cup,Sligo,Roscommon,19/04/2025,"Markievicz Park, Sligo",0-17,1-14
Lory Meagher Cup,Leitrim,Lancashire,19/04/2025,Glennon Brothers Pearse Park,1-13,1-12
Lory Meagher Cup,Longford,Warwickshire,19/04/2025,Glennon Brothers Pearse Park,1-14,0-16
Lory Meagher Cup,Cavan,Monaghan,19/04/2025,"Kingspan Breffni, Cavan",2-20,1-14
Joe McDonagh Cup,Kildare,Kerry,19/04/2025,Cedral St Conleth's Newbridge,0-19,1-17
Joe McDonagh Cup,Carlow,Down,19/04/2025,Netwatch Cullen Park,6-23,0-20
Joe McDonagh Cup,Laois,Westmeath,19/04/2025,"Laois Hire O'Moore Park, Portlaoise",3-25,1-22
Connacht GAA Football Senior Championship,Galway,Roscommon,20/04/2025,Pearse Stadium,1-24,0-18
Ulster GAA Football Senior Championship,Monaghan,Donegal,20/04/2025,"St. Tiernach's Park, Clones",0-21,0-23
Munster GAA Hurling Senior Championship,Clare,Cork,20/04/2025,"Zimmer Biomet PÃ¡irc ChÃ­osÃ³g, Ennis",3-21,2-24
Munster GAA Hurling Senior Championship,Tipperary,Limerick,20/04/2025,FBD Semple Stadium,2-23,2-23
Christy Ring Cup,London,Derry,20/04/2025,"McGovern Park, Ruislip",1-18,2-19
Nickey Rackard Cup,Louth,Fermanagh,20/04/2025,"Dowdallshill, Dundalk",3-20,0-15
Ulster GAA Football Senior Championship,Armagh,Tyrone,26/04/2025,"St. Tiernach's Park, Clones",Invalid score,Invalid score
Leinster GAA Hurling Senior Championship,Dublin,Wexford,26/04/2025,Parnell Park,Invalid score,Invalid score
Leinster GAA Hurling Senior Championship,Offaly,Galway,26/04/2025,Glenisk O'Connor Park,Invalid score,Invalid score
Christy Ring Cup,Tyrone,Donegal,26/04/2025,"PÃ¡irc Colmcille, Carrickmore",Invalid score,Invalid score
Christy Ring Cup,Wicklow,London,26/04/2025,"Echelon Park, Aughrim",Invalid score,Invalid score
Christy Ring Cup,Derry,Meath,26/04/2025,Celtic Park,Invalid score,Invalid score
Nickey Rackard Cup,Mayo,Louth,26/04/2025,"Hastings Insurance MacHale Park, Castlebar",Invalid score,Invalid score
Nickey Rackard Cup,Fermanagh,Sligo,26/04/2025,"Brewster Park, Enniskillen",Invalid score,Invalid score
Lory Meagher Cup,Longford,Leitrim,26/04/2025,Glennon Brothers Pearse Park,Invalid score,Invalid score
Lory Meagher Cup,Monaghan,Warwickshire,26/04/2025,"Grattan Park, Inniskeen",Invalid score,Invalid score
Lory Meagher Cup,Cavan,Lancashire,26/04/2025,"Kingspan Breffni, Cavan",Invalid score,Invalid score
Joe McDonagh Cup,Down,Laois,26/04/2025,Ballycran,Invalid score,Invalid score
Joe McDonagh Cup,Kildare,Westmeath,26/04/2025,Cedral St Conleth's Newbridge,Invalid score,Invalid score
Leinster GAA Football Senior Championship,Kildare,Louth,27/04/2025,Glenisk O'Connor Park,Invalid score,Invalid score
Leinster GAA Football Senior Championship,Dublin,Meath,27/04/2025,"Laois Hire O'Moore Park, Portlaoise",Invalid score,Invalid score
Ulster GAA Football Senior Championship,Donegal,Down,27/04/2025,"St. Tiernach's Park, Clones",Invalid score,Invalid score
Leinster GAA Hurling Senior Championship,Antrim,Kilkenny,27/04/2025,"Corrigan Park, Belfast",Invalid score,Invalid score
Munster GAA Hurling Senior Championship,Waterford,Clare,27/04/2025,"Walsh Park, Waterford",Invalid score,Invalid score
Munster GAA Hurling Senior Championship,Cork,Tipperary,27/04/2025,"SuperValu PÃ¡irc UÃ­ Chaoimh, Cork",Invalid score,Invalid score
Nickey Rackard Cup,Roscommon,Armagh,27/04/2025,"King & Moffatt Dr Hyde Park, Roscommon",Invalid score,Invalid score
Joe McDonagh Cup,Kerry,Carlow,27/04/2025,Austin Stack Park,Invalid score,Invalid score
Connacht GAA Football Senior Championship,London,Roscommon,05/04/2025,"McGovern Park, Ruislip",0-13,2-26
Leinster GAA Football Senior Championship,Wexford,Laois,05/04/2025,Chadwicks Wexford Park,2-11,2-21
Munster GAA Football Senior Championship,Tipperary,Waterford,05/04/2025,"FBD Semple Stadium, Thurles",1-22,1-19
Munster GAA Football Senior Championship,Limerick,Cork,05/04/2025,TUS Gaelic Grounds,0-13,0-24
GAA Hurling All-Ireland U20B Championship - Richie McElligott Cup,Tyrone,Wicklow,05/04/2025,"Protection & Prosperity Louth GAA Training Centre, Darver",4-9,2-10
GAA Hurling All-Ireland U20B Championship - Richie McElligott Cup,Derry,Down,05/04/2025,Owenbeg,2-16,4-15
GAA Hurling All-Ireland U20C Championship - Andrew O'Neill Cup,Monaghan,Longford,05/04/2025,"Cloghan, Entekra COE",4-10,3-12
GAA Hurling All-Ireland U20C Championship - Andrew O'Neill Cup,Armagh,Louth,05/04/2025,"BOX-IT Athletic Grounds, Armagh",4-19,0-9
Connacht GAA Football Senior Championship,Mayo,Sligo,06/04/2025,"Hastings Insurance MacHale Park, Castlebar",2-20,2-17
Connacht GAA Football Senior Championship,New York,Galway,06/04/2025,"Gaelic Park, New York",0-20,3-28
Leinster GAA Football Senior Championship,Meath,Carlow,06/04/2025,"PÃ¡irc Tailteann, Navan",1-30,0-19
Leinster GAA Football Senior Championship,Longford,Wicklow,06/04/2025,Glennon Brothers Pearse Park,1-20,2-23
Ulster GAA Football Senior Championship,Donegal,Derry,06/04/2025,Ballybofey,1-25,1-15
Allianz Hurling League Roinn 1A,Cork,Tipperary,06/04/2025,"SuperValu PÃ¡irc UÃ­ Chaoimh, Cork",3-24,0-23
Allianz Hurling League Roinn 1B,Waterford,Offaly,06/04/2025,"SuperValu PÃ¡irc UÃ­ Chaoimh, Cork",1-27,2-20
Leinster GAA Football Senior Championship,Kildare,Westmeath,12/04/2025,Cedral St Conleth's Newbridge,2-17,0-21
Ulster GAA Football Senior Championship,Antrim,Armagh,12/04/2025,"Corrigan Park, Belfast",1-23,1-34
Christy Ring Cup,Wicklow,Tyrone,12/04/2025,"Echelon Park, Aughrim",1-24,2-16
Christy Ring Cup,Meath,London,12/04/2025,Trim,0-21,5-18
Christy Ring Cup,Derry,Donegal,12/04/2025,Celtic Park,1-21,1-17
Nickey Rackard Cup,Mayo,Roscommon,12/04/2025,"Hastings Insurance MacHale Park, Castlebar",1-21,1-14
Nickey Rackard Cup,Sligo,Louth,12/04/2025,"Markievicz Park, Sligo",0-20,0-15
Lory Meagher Cup,Lancashire,Longford,12/04/2025,Abbottstown - GAA Centre of Excellence,0-16,4-21
Lory Meagher Cup,Monaghan,Leitrim,12/04/2025,"Grattan Park, Inniskeen",2-13,0-9
2025 Academy Squads - Hibernia 1,Clare,Laois,12/04/2025,Caherlohan,4-18,3-5
2025 Academy Squads - Hibernia 1,Meath,Limerick,12/04/2025,,5-9,4-6
2025 Academy Squads - Hibernia 1,Antrim,Derry,12/04/2025,,3-11,2-13
2025 Academy Squads - Hibernia 1,Limerick,Kildare,12/04/2025,,0-8,5-16
2025 Academy Squads - Hibernia 2,Donegal,Tyrone,12/04/2025,,Invalid score,Invalid score
2025 Academy Squads - Hibernia 2,Armagh,Monaghan,12/04/2025,,Invalid score,Invalid score
2025 Academy Squads - Hibernia 2,Mayo,Sligo,12/04/2025,Tooreen (Adrian Freeman Park),3-17,4-7
2025 Academy Squads - Hibernia 3,Cavan,Fermanagh,12/04/2025,,1-2,7-19
2025 Academy Squads - Hibernia 3,Leitrim,Longford,12/04/2025,Leitrim Gaels,5-5,2-8
2025 Academy Squads - Hibernia 3,Mayo,Louth,12/04/2025,Ballyhaunis GAA,4-5,4-12
Leinster GAA Football Senior Championship,Wicklow,Dublin,13/04/2025,"Echelon Park, Aughrim",0-18,2-21
Leinster GAA Football Senior Championship,Meath,Offaly,13/04/2025,"PÃ¡irc Tailteann, Navan",1-25,0-21
Leinster GAA Football Senior Championship,Louth,Laois,13/04/2025,Cedral St Conleth's Newbridge,2-16,0-17
Ulster GAA Football Senior Championship,Tyrone,Cavan,13/04/2025,"O'Neills Healy Park, Omagh",1-24,0-20
Nickey Rackard Cup,Fermanagh,Armagh,13/04/2025,"Brewster Park, Enniskillen",0-15,1-13
Lory Meagher Cup,Warwickshire,Cavan,13/04/2025,"PÃ¡irc na hÃ‰ireann, Birmingham",1-11,4-32
Connacht GAA Football Senior Championship,Leitrim,Mayo,19/04/2025,Avant Money PÃ¡irc SeÃ¡n Mac Diarmada,0-13,0-20
Munster GAA Football Senior Championship,Clare,Tipperary,19/04/2025,"Zimmer Biomet PÃ¡irc ChÃ­osÃ³g, Ennis",2-18,1-15
Munster GAA Football Senior Championship,Cork,Kerry,19/04/2025,"SuperValu PÃ¡irc UÃ­ Chaoimh, Cork",1-25,3-21
Ulster GAA Football Senior Championship,Fermanagh,Down,19/04/2025,"Brewster Park, Enniskillen",0-23,2-19
Leinster GAA Hurling Senior Championship,Wexford,Antrim,19/04/2025,Chadwicks Wexford Park,2-24,0-19
Leinster GAA Hurling Senior Championship,Kilkenny,Galway,19/04/2025,UPMC Nowlan Park,3-24,0-21
Leinster GAA Hurling Senior Championship,Dublin,Offaly,19/04/2025,Parnell Park,1-25,2-19
Christy Ring Cup,Donegal,Wicklow,19/04/2025,Letterkenny,1-10,1-11
Christy Ring Cup,Meath,Tyrone,19/04/2025,Trim,2-29,2-15
Nickey Rackard Cup,Armagh,Mayo,19/04/2025,"BOX-IT Athletic Grounds, Armagh",0-11,1-29
Nickey Rackard Cup,Sligo,Roscommon,19/04/2025,"Markievicz Park, Sligo",0-17,1-14
Lory Meagher Cup,Leitrim,Lancashire,19/04/2025,Glennon Brothers Pearse Park,1-13,1-12
Lory Meagher Cup,Longford,Warwickshire,19/04/2025,Glennon Brothers Pearse Park,1-14,0-16
Lory Meagher Cup,Cavan,Monaghan,19/04/2025,"Kingspan Breffni, Cavan",2-20,1-14
Joe McDonagh Cup,Kildare,Kerry,19/04/2025,Cedral St Conleth's Newbridge,0-19,1-17
Joe McDonagh Cup,Carlow,Down,19/04/2025,Netwatch Cullen Park,6-23,0-20
Joe McDonagh Cup,Laois,Westmeath,19/04/2025,"Laois Hire O'Moore Park, Portlaoise",3-25,1-22
Connacht GAA Football Senior Championship,Galway,Roscommon,20/04/2025,Pearse Stadium,1-24,0-18
Ulster GAA Football Senior Championship,Monaghan,Donegal,20/04/2025,"St. Tiernach's Park, Clones",0-21,0-23
Munster GAA Hurling Senior Championship,Clare,Cork,20/04/2025,"Zimmer Biomet PÃ¡irc ChÃ­osÃ³g, Ennis",3-21,2-24
Munster GAA Hurling Senior Championship,Tipperary,Limerick,20/04/2025,FBD Semple Stadium,2-23,2-23
Christy Ring Cup,London,Derry,20/04/2025,"McGovern Park, Ruislip",1-18,2-19
Nickey Rackard Cup,Louth,Fermanagh,20/04/2025,"Dowdallshill, Dundalk",3-20,0-15
Ulster GAA Football Senior Championship,Armagh,Tyrone,26/04/2025,"St. Tiernach's Park, Clones",0-23,0-22
Leinster GAA Hurling Senior Championship,Dublin,Wexford,26/04/2025,Parnell Park,3-26,4-19
Leinster GAA Hurling Senior Championship,Offaly,Galway,26/04/2025,Glenisk O'Connor Park,1-14,2-25
Christy Ring Cup,Tyrone,Donegal,26/04/2025,"PÃ¡irc Colmcille, Carrickmore",0-10,5-18
Christy Ring Cup,Wicklow,London,26/04/2025,"Echelon Park, Aughrim",2-17,2-17
Christy Ring Cup,Derry,Meath,26/04/2025,Celtic Park,1-22,3-17
Nickey Rackard Cup,Mayo,Louth,26/04/2025,"Hastings Insurance MacHale Park, Castlebar",2-25,2-18
Nickey Rackard Cup,Fermanagh,Sligo,26/04/2025,"Brewster Park, Enniskillen",2-18,7-20
Lory Meagher Cup,Longford,Leitrim,26/04/2025,Glennon Brothers Pearse Park,1-14,1-14
Lory Meagher Cup,Monaghan,Warwickshire,26/04/2025,"Grattan Park, Inniskeen",4-22,2-15
Lory Meagher Cup,Cavan,Lancashire,26/04/2025,"Kingspan Breffni, Cavan",3-24,2-14
Joe McDonagh Cup,Down,Laois,26/04/2025,Ballycran,1-12,6-36
Joe McDonagh Cup,Kildare,Westmeath,26/04/2025,Cedral St Conleth's Newbridge,3-24,2-21
Leinster GAA Football Senior Championship,Kildare,Louth,27/04/2025,Glenisk O'Connor Park,Invalid score,Invalid score
Leinster GAA Football Senior Championship,Dublin,Meath,27/04/2025,"Laois Hire O'Moore Park, Portlaoise",Invalid score,Invalid score
Ulster GAA Football Senior Championship,Donegal,Down,27/04/2025,"St. Tiernach's Park, Clones",Invalid score,Invalid score
Leinster GAA Hurling Senior Championship,Antrim,Kilkenny,27/04/2025,"Corrigan Park, Belfast",Invalid score,Invalid score
Munster GAA Hurling Senior Championship,Waterford,Clare,27/04/2025,"Walsh Park, Waterford",Invalid score,Invalid score
Munster GAA Hurling Senior Championship,Cork,Tipperary,27/04/2025,"SuperValu PÃ¡irc UÃ­ Chaoimh, Cork",Invalid score,Invalid score
Nickey Rackard Cup,Roscommon,Armagh,27/04/2025,"King & Moffatt Dr Hyde Park, Roscommon",Invalid score,Invalid score
Joe McDonagh Cup,Kerry,Carlow,27/04/2025,Austin Stack Park,Invalid score,Invalid score
Connacht GAA Football Senior Championship,London,Roscommon,05/04/2025,"McGovern Park, Ruislip",0-13,2-26
Leinster GAA Football Senior Championship,Wexford,Laois,05/04/2025,Chadwicks Wexford Park,2-11,2-21
Munster GAA Football Senior Championship,Tipperary,Waterford,05/04/2025,"FBD Semple Stadium, Thurles",1-22,1-19
Munster GAA Football Senior Championship,Limerick,Cork,05/04/2025,TUS Gaelic Grounds,0-13,0-24
GAA Hurling All-Ireland U20B Championship - Richie McElligott Cup,Tyrone,Wicklow,05/04/2025,"Protection & Prosperity Louth GAA Training Centre, Darver",4-9,2-10
GAA Hurling All-Ireland U20B Championship - Richie McElligott Cup,Derry,Down,05/04/2025,Owenbeg,2-16,4-15
GAA Hurling All-Ireland U20C Championship - Andrew O'Neill Cup,Monaghan,Longford,05/04/2025,"Cloghan, Entekra COE",4-10,3-12
GAA Hurling All-Ireland U20C Championship - Andrew O'Neill Cup,Armagh,Louth,05/04/2025,"BOX-IT Athletic Grounds, Armagh",4-19,0-9
Connacht GAA Football Senior Championship,Mayo,Sligo,06/04/2025,"Hastings Insurance MacHale Park, Castlebar",2-20,2-17
Connacht GAA Football Senior Championship,New York,Galway,06/04/2025,"Gaelic Park, New York",0-20,3-28
Leinster GAA Football Senior Championship,Meath,Carlow,06/04/2025,"PÃ¡irc Tailteann, Navan",1-30,0-19
Leinster GAA Football Senior Championship,Longford,Wicklow,06/04/2025,Glennon Brothers Pearse Park,1-20,2-23
Ulster GAA Football Senior Championship,Donegal,Derry,06/04/2025,Ballybofey,1-25,1-15
Allianz Hurling League Roinn 1A,Cork,Tipperary,06/04/2025,"SuperValu PÃ¡irc UÃ­ Chaoimh, Cork",3-24,0-23
Allianz Hurling League Roinn 1B,Waterford,Offaly,06/04/2025,"SuperValu PÃ¡irc UÃ­ Chaoimh, Cork",1-27,2-20
Leinster GAA Football Senior Championship,Kildare,Westmeath,12/04/2025,Cedral St Conleth's Newbridge,2-17,0-21
Ulster GAA Football Senior Championship,Antrim,Armagh,12/04/2025,"Corrigan Park, Belfast",1-23,1-34
Christy Ring Cup,Wicklow,Tyrone,12/04/2025,"Echelon Park, Aughrim",1-24,2-16
Christy Ring Cup,Meath,London,12/04/2025,Trim,0-21,5-18
Christy Ring Cup,Derry,Donegal,12/04/2025,Celtic Park,1-21,1-17
Nickey Rackard Cup,Mayo,Roscommon,12/04/2025,"Hastings Insurance MacHale Park, Castlebar",1-21,1-14
Nickey Rackard Cup,Sligo,Louth,12/04/2025,"Markievicz Park, Sligo",0-20,0-15
Lory Meagher Cup,Lancashire,Longford,12/04/2025,Abbottstown - GAA Centre of Excellence,0-16,4-21
Lory Meagher Cup,Monaghan,Leitrim,12/04/2025,"Grattan Park, Inniskeen",2-13,0-9
2025 Academy Squads - Hibernia 1,Clare,Laois,12/04/2025,Caherlohan,4-18,3-5
2025 Academy Squads - Hibernia 1,Meath,Limerick,12/04/2025,,5-9,4-6
2025 Academy Squads - Hibernia 1,Antrim,Derry,12/04/2025,,3-11,2-13
2025 Academy Squads - Hibernia 1,Limerick,Kildare,12/04/2025,,0-8,5-16
2025 Academy Squads - Hibernia 2,Donegal,Tyrone,12/04/2025,,Invalid score,Invalid score
2025 Academy Squads - Hibernia 2,Armagh,Monaghan,12/04/2025,,Invalid score,Invalid score
2025 Academy Squads - Hibernia 2,Mayo,Sligo,12/04/2025,Tooreen (Adrian Freeman Park),3-17,4-7
2025 Academy Squads - Hibernia 3,Cavan,Fermanagh,12/04/2025,,1-2,7-19
2025 Academy Squads - Hibernia 3,Leitrim,Longford,12/04/2025,Leitrim Gaels,5-5,2-8
2025 Academy Squads - Hibernia 3,Mayo,Louth,12/04/2025,Ballyhaunis GAA,4-5,4-12
Leinster GAA Football Senior Championship,Wicklow,Dublin,13/04/2025,"Echelon Park, Aughrim",0-18,2-21
Leinster GAA Football Senior Championship,Meath,Offaly,13/04/2025,"PÃ¡irc Tailteann, Navan",1-25,0-21
Leinster GAA Football Senior Championship,Louth,Laois,13/04/2025,Cedral St Conleth's Newbridge,2-16,0-17
Ulster GAA Football Senior Championship,Tyrone,Cavan,13/04/2025,"O'Neills Healy Park, Omagh",1-24,0-20
Nickey Rackard Cup,Fermanagh,Armagh,13/04/2025,"Brewster Park, Enniskillen",0-15,1-13
Lory Meagher Cup,Warwickshire,Cavan,13/04/2025,"PÃ¡irc na hÃ‰ireann, Birmingham",1-11,4-32
Connacht GAA Football Senior Championship,Leitrim,Mayo,19/04/2025,Avant Money PÃ¡irc SeÃ¡n Mac Diarmada,0-13,0-20
Munster GAA Football Senior Championship,Clare,Tipperary,19/04/2025,"Zimmer Biomet PÃ¡irc ChÃ­osÃ³g, Ennis",2-18,1-15
Munster GAA Football Senior Championship,Cork,Kerry,19/04/2025,"SuperValu PÃ¡irc UÃ­ Chaoimh, Cork",1-25,3-21
Ulster GAA Football Senior Championship,Fermanagh,Down,19/04/2025,"Brewster Park, Enniskillen",0-23,2-19
Leinster GAA Hurling Senior Championship,Wexford,Antrim,19/04/2025,Chadwicks Wexford Park,2-24,0-19
Leinster GAA Hurling Senior Championship,Kilkenny,Galway,19/04/2025,UPMC Nowlan Park,3-24,0-21
Leinster GAA Hurling Senior Championship,Dublin,Offaly,19/04/2025,Parnell Park,1-25,2-19
Christy Ring Cup,Donegal,Wicklow,19/04/2025,Letterkenny,1-10,1-11
Christy Ring Cup,Meath,Tyrone,19/04/2025,Trim,2-29,2-15
Nickey Rackard Cup,Armagh,Mayo,19/04/2025,"BOX-IT Athletic Grounds, Armagh",0-11,1-29
Nickey Rackard Cup,Sligo,Roscommon,19/04/2025,"Markievicz Park, Sligo",0-17,1-14
Lory Meagher Cup,Leitrim,Lancashire,19/04/2025,Glennon Brothers Pearse Park,1-13,1-12
Lory Meagher Cup,Longford,Warwickshire,19/04/2025,Glennon Brothers Pearse Park,1-14,0-16
Lory Meagher Cup,Cavan,Monaghan,19/04/2025,"Kingspan Breffni, Cavan",2-20,1-14
Joe McDonagh Cup,Kildare,Kerry,19/04/2025,Cedral St Conleth's Newbridge,0-19,1-17
Joe McDonagh Cup,Carlow,Down,19/04/2025,Netwatch Cullen Park,6-23,0-20
Joe McDonagh Cup,Laois,Westmeath,19/04/2025,"Laois Hire O'Moore Park, Portlaoise",3-25,1-22
Connacht GAA Football Senior Championship,Galway,Roscommon,20/04/2025,Pearse Stadium,1-24,0-18
Ulster GAA Football Senior Championship,Monaghan,Donegal,20/04/2025,"St. Tiernach's Park, Clones",0-21,0-23
Munster GAA Hurling Senior Championship,Clare,Cork,20/04/2025,"Zimmer Biomet PÃ¡irc ChÃ­osÃ³g, Ennis",3-21,2-24
Munster GAA Hurling Senior Championship,Tipperary,Limerick,20/04/2025,FBD Semple Stadium,2-23,2-23
Christy Ring Cup,London,Derry,20/04/2025,"McGovern Park, Ruislip",1-18,2-19
Nickey Rackard Cup,Louth,Fermanagh,20/04/2025,"Dowdallshill, Dundalk",3-20,0-15
Ulster GAA Football Senior Championship,Armagh,Tyrone,26/04/2025,"St. Tiernach's Park, Clones",0-23,0-22
Leinster GAA Hurling Senior Championship,Dublin,Wexford,26/04/2025,Parnell Park,3-26,4-19
Leinster GAA Hurling Senior Championship,Offaly,Galway,26/04/2025,Glenisk O'Connor Park,1-14,2-25
Christy Ring Cup,Tyrone,Donegal,26/04/2025,"PÃ¡irc Colmcille, Carrickmore",0-10,5-18
Christy Ring Cup,Wicklow,London,26/04/2025,"Echelon Park, Aughrim",2-17,2-17
Christy Ring Cup,Derry,Meath,26/04/2025,Celtic Park,1-22,3-17
Nickey Rackard Cup,Mayo,Louth,26/04/2025,"Hastings Insurance MacHale Park, Castlebar",2-25,2-18
Nickey Rackard Cup,Fermanagh,Sligo,26/04/2025,"Brewster Park, Enniskillen",2-18,7-20
Lory Meagher Cup,Longford,Leitrim,26/04/2025,Glennon Brothers Pearse Park,1-14,1-14
Lory Meagher Cup,Monaghan,Warwickshire,26/04/2025,"Grattan Park, Inniskeen",4-22,2-15
Lory Meagher Cup,Cavan,Lancashire,26/04/2025,"Kingspan Breffni, Cavan",3-24,2-14
Joe McDonagh Cup,Down,Laois,26/04/2025,Ballycran,1-12,6-36
Joe McDonagh Cup,Kildare,Westmeath,26/04/2025,Cedral St Conleth's Newbridge,3-24,2-21
Leinster GAA Football Senior Championship,Kildare,Louth,27/04/2025,Glenisk O'Connor Park,0-18,1-18
Leinster GAA Football Senior Championship,Dublin,Meath,27/04/2025,"Laois Hire O'Moore Park, Portlaoise",1-16,0-23
Ulster GAA Football Senior Championship,Donegal,Down,27/04/2025,"St. Tiernach's Park, Clones",1-19,0-16
Leinster GAA Hurling Senior Championship,Antrim,Kilkenny,27/04/2025,"Corrigan Park, Belfast",2-12,2-30
Munster GAA Hurling Senior Championship,Waterford,Clare,27/04/2025,"Walsh Park, Waterford",2-23,0-21
Munster GAA Hurling Senior Championship,Cork,Tipperary,27/04/2025,"SuperValu PÃ¡irc UÃ­ Chaoimh, Cork",4-27,0-24
Nickey Rackard Cup,Roscommon,Armagh,27/04/2025,"King & Moffatt Dr Hyde Park, Roscommon",1-15,0-15
Joe McDonagh Cup,Kerry,Carlow,27/04/2025,Austin Stack Park,0-17,3-27
Connacht GAA Football Senior Championship,London,Roscommon,05/04/2025,"McGovern Park, Ruislip",0-13,2-26
Leinster GAA Football Senior Championship,Wexford,Laois,05/04/2025,Chadwicks Wexford Park,2-11,2-21
Munster GAA Football Senior Championship,Tipperary,Waterford,05/04/2025,"FBD Semple Stadium, Thurles",1-22,1-19
Munster GAA Football Senior Championship,Limerick,Cork,05/04/2025,TUS Gaelic Grounds,0-13,0-24
GAA Hurling All-Ireland U20B Championship - Richie McElligott Cup,Tyrone,Wicklow,05/04/2025,"Protection & Prosperity Louth GAA Training Centre, Darver",4-9,2-10
GAA Hurling All-Ireland U20B Championship - Richie McElligott Cup,Derry,Down,05/04/2025,Owenbeg,2-16,4-15
GAA Hurling All-Ireland U20C Championship - Andrew O'Neill Cup,Monaghan,Longford,05/04/2025,"Cloghan, Entekra COE",4-10,3-12
GAA Hurling All-Ireland U20C Championship - Andrew O'Neill Cup,Armagh,Louth,05/04/2025,"BOX-IT Athletic Grounds, Armagh",4-19,0-9
Connacht GAA Football Senior Championship,Mayo,Sligo,06/04/2025,"Hastings Insurance MacHale Park, Castlebar",2-20,2-17
Connacht GAA Football Senior Championship,New York,Galway,06/04/2025,"Gaelic Park, New York",0-20,3-28
Leinster GAA Football Senior Championship,Meath,Carlow,06/04/2025,"PÃ¡irc Tailteann, Navan",1-30,0-19
Leinster GAA Football Senior Championship,Longford,Wicklow,06/04/2025,Glennon Brothers Pearse Park,1-20,2-23
Ulster GAA Football Senior Championship,Donegal,Derry,06/04/2025,Ballybofey,1-25,1-15
Allianz Hurling League Roinn 1A,Cork,Tipperary,06/04/2025,"SuperValu PÃ¡irc UÃ­ Chaoimh, Cork",3-24,0-23
Allianz Hurling League Roinn 1B,Waterford,Offaly,06/04/2025,"SuperValu PÃ¡irc UÃ­ Chaoimh, Cork",1-27,2-20
Leinster GAA Football Senior Championship,Kildare,Westmeath,12/04/2025,Cedral St Conleth's Newbridge,2-17,0-21
Ulster GAA Football Senior Championship,Antrim,Armagh,12/04/2025,"Corrigan Park, Belfast",1-23,1-34
Christy Ring Cup,Wicklow,Tyrone,12/04/2025,"Echelon Park, Aughrim",1-24,2-16
Christy Ring Cup,Meath,London,12/04/2025,Trim,0-21,5-18
Christy Ring Cup,Derry,Donegal,12/04/2025,Celtic Park,1-21,1-17
Nickey Rackard Cup,Mayo,Roscommon,12/04/2025,"Hastings Insurance MacHale Park, Castlebar",1-21,1-14
Nickey Rackard Cup,Sligo,Louth,12/04/2025,"Markievicz Park, Sligo",0-20,0-15
Lory Meagher Cup,Lancashire,Longford,12/04/2025,Abbottstown - GAA Centre of Excellence,0-16,4-21
Lory Meagher Cup,Monaghan,Leitrim,12/04/2025,"Grattan Park, Inniskeen",2-13,0-9
2025 Academy Squads - Hibernia 1,Clare,Laois,12/04/2025,Caherlohan,4-18,3-5
2025 Academy Squads - Hibernia 1,Meath,Limerick,12/04/2025,,5-9,4-6
2025 Academy Squads - Hibernia 1,Antrim,Derry,12/04/2025,,3-11,2-13
2025 Academy Squads - Hibernia 1,Limerick,Kildare,12/04/2025,,0-8,5-16
2025 Academy Squads - Hibernia 2,Donegal,Tyrone,12/04/2025,,Invalid score,Invalid score
2025 Academy Squads - Hibernia 2,Armagh,Monaghan,12/04/2025,,Invalid score,Invalid score
2025 Academy Squads - Hibernia 2,Mayo,Sligo,12/04/2025,Tooreen (Adrian Freeman Park),3-17,4-7
2025 Academy Squads - Hibernia 3,Cavan,Fermanagh,12/04/2025,,1-2,7-19
2025 Academy Squads - Hibernia 3,Leitrim,Longford,12/04/2025,Leitrim Gaels,5-5,2-8
2025 Academy Squads - Hibernia 3,Mayo,Louth,12/04/2025,Ballyhaunis GAA,4-5,4-12
Leinster GAA Football Senior Championship,Wicklow,Dublin,13/04/2025,"Echelon Park, Aughrim",0-18,2-21
Leinster GAA Football Senior Championship,Meath,Offaly,13/04/2025,"PÃ¡irc Tailteann, Navan",1-25,0-21
Leinster GAA Football Senior Championship,Louth,Laois,13/04/2025,Cedral St Conleth's Newbridge,2-16,0-17
Ulster GAA Football Senior Championship,Tyrone,Cavan,13/04/2025,"O'Neills Healy Park, Omagh",1-24,0-20
Nickey Rackard Cup,Fermanagh,Armagh,13/04/2025,"Brewster Park, Enniskillen",0-15,1-13
Lory Meagher Cup,Warwickshire,Cavan,13/04/2025,"PÃ¡irc na hÃ‰ireann, Birmingham",1-11,4-32
Connacht GAA Football Senior Championship,Leitrim,Mayo,19/04/2025,Avant Money PÃ¡irc SeÃ¡n Mac Diarmada,0-13,0-20
Munster GAA Football Senior Championship,Clare,Tipperary,19/04/2025,"Zimmer Biomet PÃ¡irc ChÃ­osÃ³g, Ennis",2-18,1-15
Munster GAA Football Senior Championship,Cork,Kerry,19/04/2025,"SuperValu PÃ¡irc UÃ­ Chaoimh, Cork",1-25,3-21
Ulster GAA Football Senior Championship,Fermanagh,Down,19/04/2025,"Brewster Park, Enniskillen",0-23,2-19
Leinster GAA Hurling Senior Championship,Wexford,Antrim,19/04/2025,Chadwicks Wexford Park,2-24,0-19
Leinster GAA Hurling Senior Championship,Kilkenny,Galway,19/04/2025,UPMC Nowlan Park,3-24,0-21
Leinster GAA Hurling Senior Championship,Dublin,Offaly,19/04/2025,Parnell Park,1-25,2-19
Christy Ring Cup,Donegal,Wicklow,19/04/2025,Letterkenny,1-10,1-11
Christy Ring Cup,Meath,Tyrone,19/04/2025,Trim,2-29,2-15
Nickey Rackard Cup,Armagh,Mayo,19/04/2025,"BOX-IT Athletic Grounds, Armagh",0-11,1-29
Nickey Rackard Cup,Sligo,Roscommon,19/04/2025,"Markievicz Park, Sligo",0-17,1-14
Lory Meagher Cup,Leitrim,Lancashire,19/04/2025,Glennon Brothers Pearse Park,1-13,1-12
Lory Meagher Cup,Longford,Warwickshire,19/04/2025,Glennon Brothers Pearse Park,1-14,0-16
Lory Meagher Cup,Cavan,Monaghan,19/04/2025,"Kingspan Breffni, Cavan",2-20,1-14
Joe McDonagh Cup,Kildare,Kerry,19/04/2025,Cedral St Conleth's Newbridge,0-19,1-17
Joe McDonagh Cup,Carlow,Down,19/04/2025,Netwatch Cullen Park,6-23,0-20
Joe McDonagh Cup,Laois,Westmeath,19/04/2025,"Laois Hire O'Moore Park, Portlaoise",3-25,1-22
Connacht GAA Football Senior Championship,Galway,Roscommon,20/04/2025,Pearse Stadium,1-24,0-18
Ulster GAA Football Senior Championship,Monaghan,Donegal,20/04/2025,"St. Tiernach's Park, Clones",0-21,0-23
Munster GAA Hurling Senior Championship,Clare,Cork,20/04/2025,"Zimmer Biomet PÃ¡irc ChÃ­osÃ³g, Ennis",3-21,2-24
Munster GAA Hurling Senior Championship,Tipperary,Limerick,20/04/2025,FBD Semple Stadium,2-23,2-23
Christy Ring Cup,London,Derry,20/04/2025,"McGovern Park, Ruislip",1-18,2-19
Nickey Rackard Cup,Louth,Fermanagh,20/04/2025,"Dowdallshill, Dundalk",3-20,0-15
Ulster GAA Football Senior Championship,Armagh,Tyrone,26/04/2025,"St. Tiernach's Park, Clones",0-23,0-22
Leinster GAA Hurling Senior Championship,Dublin,Wexford,26/04/2025,Parnell Park,3-26,4-19
Leinster GAA Hurling Senior Championship,Offaly,Galway,26/04/2025,Glenisk O'Connor Park,1-14,2-25
Christy Ring Cup,Tyrone,Donegal,26/04/2025,"PÃ¡irc Colmcille, Carrickmore",0-10,5-18
Christy Ring Cup,Wicklow,London,26/04/2025,"Echelon Park, Aughrim",2-17,2-17
Christy Ring Cup,Derry,Meath,26/04/2025,Celtic Park,1-22,3-17
Nickey Rackard Cup,Mayo,Louth,26/04/2025,"Hastings Insurance MacHale Park, Castlebar",2-25,2-18
Nickey Rackard Cup,Fermanagh,Sligo,26/04/2025,"Brewster Park, Enniskillen",2-18,7-20
Lory Meagher Cup,Longford,Leitrim,26/04/2025,Glennon Brothers Pearse Park,1-14,1-14
Lory Meagher Cup,Monaghan,Warwickshire,26/04/2025,"Grattan Park, Inniskeen",4-22,2-15
Lory Meagher Cup,Cavan,Lancashire,26/04/2025,"Kingspan Breffni, Cavan",3-24,2-14
Joe McDonagh Cup,Down,Laois,26/04/2025,Ballycran,1-12,6-36
Joe McDonagh Cup,Kildare,Westmeath,26/04/2025,Cedral St Conleth's Newbridge,3-24,2-21
Leinster GAA Football Senior Championship,Kildare,Louth,27/04/2025,Glenisk O'Connor Park,0-18,1-18
Leinster GAA Football Senior Championship,Dublin,Meath,27/04/2025,"Laois Hire O'Moore Park, Portlaoise",1-16,0-23
Ulster GAA Football Senior Championship,Donegal,Down,27/04/2025,"St. Tiernach's Park, Clones",1-19,0-16
Leinster GAA Hurling Senior Championship,Antrim,Kilkenny,27/04/2025,"Corrigan Park, Belfast",2-12,2-30
Munster GAA Hurling Senior Championship,Waterford,Clare,27/04/2025,"Walsh Park, Waterford",2-23,0-21
Munster GAA Hurling Senior Championship,Cork,Tipperary,27/04/2025,"SuperValu PÃ¡irc UÃ­ Chaoimh, Cork",4-27,0-24
Nickey Rackard Cup,Roscommon,Armagh,27/04/2025,"King & Moffatt Dr Hyde Park, Roscommon",1-15,0-15
Joe McDonagh Cup,Kerry,Carlow,27/04/2025,Austin Stack Park,0-17,3-27
Connacht GAA Football Senior Championship,London,Roscommon,05/04/2025,"McGovern Park, Ruislip",0-13,2-26
Leinster GAA Football Senior Championship,Wexford,Laois,05/04/2025,Chadwicks Wexford Park,2-11,2-21
Munster GAA Football Senior Championship,Tipperary,Waterford,05/04/2025,"FBD Semple Stadium, Thurles",1-22,1-19
Munster GAA Football Senior Championship,Limerick,Cork,05/04/2025,TUS Gaelic Grounds,0-13,0-24
GAA Hurling All-Ireland U20B Championship - Richie McElligott Cup,Tyrone,Wicklow,05/04/2025,"Protection & Prosperity Louth GAA Training Centre, Darver",4-9,2-10
GAA Hurling All-Ireland U20B Championship - Richie McElligott Cup,Derry,Down,05/04/2025,Owenbeg,2-16,4-15
GAA Hurling All-Ireland U20C Championship - Andrew O'Neill Cup,Monaghan,Longford,05/04/2025,"Cloghan, Entekra COE",4-10,3-12
GAA Hurling All-Ireland U20C Championship - Andrew O'Neill Cup,Armagh,Louth,05/04/2025,"BOX-IT Athletic Grounds, Armagh",4-19,0-9
Connacht GAA Football Senior Championship,Mayo,Sligo,06/04/2025,"Hastings Insurance MacHale Park, Castlebar",2-20,2-17
Connacht GAA Football Senior Championship,New York,Galway,06/04/2025,"Gaelic Park, New York",0-20,3-28
Leinster GAA Football Senior Championship,Meath,Carlow,06/04/2025,"PÃ¡irc Tailteann, Navan",1-30,0-19
Leinster GAA Football Senior Championship,Longford,Wicklow,06/04/2025,Glennon Brothers Pearse Park,1-20,2-23
Ulster GAA Football Senior Championship,Donegal,Derry,06/04/2025,Ballybofey,1-25,1-15
Allianz Hurling League Roinn 1A,Cork,Tipperary,06/04/2025,"SuperValu PÃ¡irc UÃ­ Chaoimh, Cork",3-24,0-23
Allianz Hurling League Roinn 1B,Waterford,Offaly,06/04/2025,"SuperValu PÃ¡irc UÃ­ Chaoimh, Cork",1-27,2-20
Leinster GAA Football Senior Championship,Kildare,Westmeath,12/04/2025,Cedral St Conleth's Newbridge,2-17,0-21
Ulster GAA Football Senior Championship,Antrim,Armagh,12/04/2025,"Corrigan Park, Belfast",1-23,1-34
Christy Ring Cup,Wicklow,Tyrone,12/04/2025,"Echelon Park, Aughrim",1-24,2-16
Christy Ring Cup,Meath,London,12/04/2025,Trim,0-21,5-18
Christy Ring Cup,Derry,Donegal,12/04/2025,Celtic Park,1-21,1-17
Nickey Rackard Cup,Mayo,Roscommon,12/04/2025,"Hastings Insurance MacHale Park, Castlebar",1-21,1-14
Nickey Rackard Cup,Sligo,Louth,12/04/2025,"Markievicz Park, Sligo",0-20,0-15
Lory Meagher Cup,Lancashire,Longford,12/04/2025,Abbottstown - GAA Centre of Excellence,0-16,4-21
Lory Meagher Cup,Monaghan,Leitrim,12/04/2025,"Grattan Park, Inniskeen",2-13,0-9
2025 Academy Squads - Hibernia 1,Clare,Laois,12/04/2025,Caherlohan,4-18,3-5
2025 Academy Squads - Hibernia 1,Meath,Limerick,12/04/2025,,5-9,4-6
2025 Academy Squads - Hibernia 1,Antrim,Derry,12/04/2025,,3-11,2-13
2025 Academy Squads - Hibernia 1,Limerick,Kildare,12/04/2025,,0-8,5-16
2025 Academy Squads - Hibernia 2,Donegal,Tyrone,12/04/2025,,Invalid score,Invalid score
2025 Academy Squads - Hibernia 2,Armagh,Monaghan,12/04/2025,,Invalid score,Invalid score
2025 Academy Squads - Hibernia 2,Mayo,Sligo,12/04/2025,Tooreen (Adrian Freeman Park),3-17,4-7
2025 Academy Squads - Hibernia 3,Cavan,Fermanagh,12/04/2025,,1-2,7-19
2025 Academy Squads - Hibernia 3,Leitrim,Longford,12/04/2025,Leitrim Gaels,5-5,2-8
2025 Academy Squads - Hibernia 3,Mayo,Louth,12/04/2025,Ballyhaunis GAA,4-5,4-12
Leinster GAA Football Senior Championship,Wicklow,Dublin,13/04/2025,"Echelon Park, Aughrim",0-18,2-21
Leinster GAA Football Senior Championship,Meath,Offaly,13/04/2025,"PÃ¡irc Tailteann, Navan",1-25,0-21
Leinster GAA Football Senior Championship,Louth,Laois,13/04/2025,Cedral St Conleth's Newbridge,2-16,0-17
Ulster GAA Football Senior Championship,Tyrone,Cavan,13/04/2025,"O'Neills Healy Park, Omagh",1-24,0-20
Nickey Rackard Cup,Fermanagh,Armagh,13/04/2025,"Brewster Park, Enniskillen",0-15,1-13
Lory Meagher Cup,Warwickshire,Cavan,13/04/2025,"PÃ¡irc na hÃ‰ireann, Birmingham",1-11,4-32
Connacht GAA Football Senior Championship,Leitrim,Mayo,19/04/2025,Avant Money PÃ¡irc SeÃ¡n Mac Diarmada,0-13,0-20
Munster GAA Football Senior Championship,Clare,Tipperary,19/04/2025,"Zimmer Biomet PÃ¡irc ChÃ­osÃ³g, Ennis",2-18,1-15
Munster GAA Football Senior Championship,Cork,Kerry,19/04/2025,"SuperValu PÃ¡irc UÃ­ Chaoimh, Cork",1-25,3-21
Ulster GAA Football Senior Championship,Fermanagh,Down,19/04/2025,"Brewster Park, Enniskillen",0-23,2-19
Leinster GAA Hurling Senior Championship,Wexford,Antrim,19/04/2025,Chadwicks Wexford Park,2-24,0-19
Leinster GAA Hurling Senior Championship,Kilkenny,Galway,19/04/2025,UPMC Nowlan Park,3-24,0-21
Leinster GAA Hurling Senior Championship,Dublin,Offaly,19/04/2025,Parnell Park,1-25,2-19
Christy Ring Cup,Donegal,Wicklow,19/04/2025,Letterkenny,1-10,1-11
Christy Ring Cup,Meath,Tyrone,19/04/2025,Trim,2-29,2-15
Nickey Rackard Cup,Armagh,Mayo,19/04/2025,"BOX-IT Athletic Grounds, Armagh",0-11,1-29
Nickey Rackard Cup,Sligo,Roscommon,19/04/2025,"Markievicz Park, Sligo",0-17,1-14
Lory Meagher Cup,Leitrim,Lancashire,19/04/2025,Glennon Brothers Pearse Park,1-13,1-12
Lory Meagher Cup,Longford,Warwickshire,19/04/2025,Glennon Brothers Pearse Park,1-14,0-16
Lory Meagher Cup,Cavan,Monaghan,19/04/2025,"Kingspan Breffni, Cavan",2-20,1-14
Joe McDonagh Cup,Kildare,Kerry,19/04/2025,Cedral St Conleth's Newbridge,0-19,1-17
Joe McDonagh Cup,Carlow,Down,19/04/2025,Netwatch Cullen Park,6-23,0-20
Joe McDonagh Cup,Laois,Westmeath,19/04/2025,"Laois Hire O'Moore Park, Portlaoise",3-25,1-22
Connacht GAA Football Senior Championship,Galway,Roscommon,20/04/2025,Pearse Stadium,1-24,0-18
Ulster GAA Football Senior Championship,Monaghan,Donegal,20/04/2025,"St. Tiernach's Park, Clones",0-21,0-23
Munster GAA Hurling Senior Championship,Clare,Cork,20/04/2025,"Zimmer Biomet PÃ¡irc ChÃ­osÃ³g, Ennis",3-21,2-24
Munster GAA Hurling Senior Championship,Tipperary,Limerick,20/04/2025,FBD Semple Stadium,2-23,2-23
Christy Ring Cup,London,Derry,20/04/2025,"McGovern Park, Ruislip",1-18,2-19
Nickey Rackard Cup,Louth,Fermanagh,20/04/2025,"Dowdallshill, Dundalk",3-20,0-15
Ulster GAA Football Senior Championship,Armagh,Tyrone,26/04/2025,"St. Tiernach's Park, Clones",0-23,0-22
Leinster GAA Hurling Senior Championship,Dublin,Wexford,26/04/2025,Parnell Park,3-26,4-19
Leinster GAA Hurling Senior Championship,Offaly,Galway,26/04/2025,Glenisk O'Connor Park,1-14,2-25
Christy Ring Cup,Tyrone,Donegal,26/04/2025,"PÃ¡irc Colmcille, Carrickmore",0-10,5-18
Christy Ring Cup,Wicklow,London,26/04/2025,"Echelon Park, Aughrim",2-17,2-17
Christy Ring Cup,Derry,Meath,26/04/2025,Celtic Park,1-22,3-17
Nickey Rackard Cup,Mayo,Louth,26/04/2025,"Hastings Insurance MacHale Park, Castlebar",2-25,2-18
Nickey Rackard Cup,Fermanagh,Sligo,26/04/2025,"Brewster Park, Enniskillen",2-18,7-20
Lory Meagher Cup,Longford,Leitrim,26/04/2025,Glennon Brothers Pearse Park,1-14,1-14
Lory Meagher Cup,Monaghan,Warwickshire,26/04/2025,"Grattan Park, Inniskeen",4-22,2-15
Lory Meagher Cup,Cavan,Lancashire,26/04/2025,"Kingspan Breffni, Cavan",3-24,2-14
Joe McDonagh Cup,Down,Laois,26/04/2025,Ballycran,1-12,6-36
Joe McDonagh Cup,Kildare,Westmeath,26/04/2025,Cedral St Conleth's Newbridge,3-24,2-21
Leinster GAA Football Senior Championship,Kildare,Louth,27/04/2025,Glenisk O'Connor Park,0-18,1-18
Leinster GAA Football Senior Championship,Dublin,Meath,27/04/2025,"Laois Hire O'Moore Park, Portlaoise",1-16,0-23
Ulster GAA Football Senior Championship,Donegal,Down,27/04/2025,"St. Tiernach's Park, Clones",1-19,0-16
Leinster GAA Hurling Senior Championship,Antrim,Kilkenny,27/04/2025,"Corrigan Park, Belfast",2-12,2-30
Munster GAA Hurling Senior Championship,Waterford,Clare,27/04/2025,"Walsh Park, Waterford",2-23,0-21
Munster GAA Hurling Senior Championship,Cork,Tipperary,27/04/2025,"SuperValu PÃ¡irc UÃ­ Chaoimh, Cork",4-27,0-24
Nickey Rackard Cup,Roscommon,Armagh,27/04/2025,"King & Moffatt Dr Hyde Park, Roscommon",1-15,0-15
Joe McDonagh Cup,Kerry,Carlow,27/04/2025,Austin Stack Park,0-17,3-27
